{
  "tag": "N5_NB2_NL3_a1p300",
  "N": 5,
  "types": [
    "B",
    "B",
    "L",
    "L",
    "L"
  ],
  "alpha": 1.3,
  "energy": 11.68001502533624,
  "diag": {
    "restarts": 200,
    "iters": 7000,
    "seed": 1,
    "energy_best": 11.68001502533624,
    "energy_median": 11.737773843054995,
    "energy_min": 11.68001502533624,
    "energy_max": 210.41971569270714
  },
  "angles_stats_all": {
    "count": 10,
    "min_deg": 89.8687609310009,
    "max_deg": 179.92859271900835,
    "mean_deg": 107.99287244434302,
    "p10_deg": 89.95169295621984,
    "p50_deg": 90.05902741825471,
    "p90_deg": 126.10472037017547,
    "std_deg": 27.47687113870885
  },
  "angles_stats_by_type": {
    "BB": {
      "count": 1,
      "min_deg": 179.92859271900835,
      "max_deg": 179.92859271900835,
      "mean_deg": 179.92859271900835,
      "p10_deg": 179.92859271900835,
      "p50_deg": 179.92859271900835,
      "p90_deg": 179.92859271900835,
      "std_deg": 0.0
    },
    "BL": {
      "count": 6,
      "min_deg": 89.8687609310009,
      "max_deg": 90.06298985769821,
      "mean_deg": 90.00002346321554,
      "p10_deg": 89.91483427834476,
      "p50_deg": 90.02620869304717,
      "p90_deg": 90.05902741825471,
      "std_deg": 0.06824912096959479
    },
    "LL": {
      "count": 3,
      "min_deg": 119.84647822202317,
      "max_deg": 120.12429010919406,
      "mean_deg": 119.99999698170954,
      "p10_deg": 119.88302710040081,
      "p50_deg": 120.02922261391137,
      "p90_deg": 120.10527661013752,
      "std_deg": 0.11528360492444083
    }
  },
  "angles_all_deg": [
    179.92859271900835,
    90.05506497881123,
    89.8687609310009,
    90.04648289061471,
    89.96090762568862,
    90.06298985769821,
    90.00593449547962,
    120.02922261391137,
    119.84647822202317,
    120.12429010919406
  ],
  "points_xyz": [
    [
      -0.5186387554043055,
      0.8145980764983691,
      0.2596994708462658
    ],
    [
      0.5179352148423102,
      -0.8152882534976683,
      -0.2589366272565
    ],
    [
      0.7528438683068491,
      0.2897251900391351,
      0.5910037429742442
    ],
    [
      -0.7293574196009138,
      -0.5781583721575877,
      0.3657467035766485
    ],
    [
      -0.02169301589791013,
      0.2902013733562044,
      -0.956719695607562
    ]
  ]
}