{
  "tag": "N7_NB5_NL2_a1,10_s1",
  "N": 7,
  "types": [
    "B",
    "B",
    "B",
    "B",
    "B",
    "L",
    "L"
  ],
  "alpha": 1.1,
  "energy": 21.605172072183382,
  "diag": {
    "restarts": 200,
    "iters": 12000,
    "seed": 1,
    "energy_best": 21.605172072183382,
    "energy_median": 21.65373497588073,
    "energy_min": 21.605172072183382,
    "energy_max": 373.9015869532401
  },
  "angles_stats_all": {
    "count": 21,
    "min_deg": 71.91616196613822,
    "max_deg": 179.73553062729061,
    "mean_deg": 102.84397351094239,
    "p10_deg": 71.95456924906559,
    "p50_deg": 90.3392776317354,
    "p90_deg": 144.07183668309503,
    "std_deg": 31.46149119035755
  },
  "angles_stats_by_type": {
    "BB": {
      "count": 10,
      "min_deg": 71.91616196613822,
      "max_deg": 144.207962801584,
      "mean_deg": 107.99876129991927,
      "p10_deg": 71.93206120556036,
      "p50_deg": 107.99328726175395,
      "p90_deg": 144.0854492949439,
      "std_deg": 35.99530006327483
    },
    "BL": {
      "count": 10,
      "min_deg": 89.27313882717537,
      "max_deg": 90.49450235137864,
      "mean_deg": 90.0000300103307,
      "p10_deg": 89.45514730527974,
      "p50_deg": 90.08960575491493,
      "p90_deg": 90.47042281519968,
      "std_deg": 0.44932684633564207
    },
    "LL": {
      "count": 1,
      "min_deg": 179.73553062729061,
      "max_deg": 179.73553062729061,
      "mean_deg": 179.73553062729061,
      "p10_deg": 179.73553062729061,
      "p50_deg": 179.73553062729061,
      "p90_deg": 179.73553062729061,
      "std_deg": 0.0
    }
  },
  "angles_all_deg": [
    72.07560159808817,
    72.13802145113762,
    143.9660971963748,
    144.07183668309503,
    89.49865769734124,
    90.37118850101841,
    144.207962801584,
    71.91616196613822,
    143.84855307237027,
    90.4677473111798,
    89.27313882717537,
    143.87498119362056,
    71.93382778771837,
    89.83993387809446,
    90.3392776317354,
    71.95456924906559,
    89.47537046951355,
    90.49450235137864,
    90.43112039360041,
    89.80936304226972,
    179.73553062729061
  ],
  "points_xyz": [
    [
      -0.5393418681880894,
      0.8241782065485673,
      -0.172744415451755
    ],
    [
      0.5105815712689841,
      0.7823183732511664,
      0.35676942407407053
    ],
    [
      -0.8470444063751323,
      -0.2772015483817089,
      -0.4535141400258461
    ],
    [
      0.8644843455799165,
      -0.3373622320690392,
      0.3726305685537073
    ],
    [
      0.016303395070502883,
      -0.994169509299818,
      -0.10658886474549892
    ],
    [
      0.43819683149536015,
      0.11039731773511537,
      -0.8920739706461113
    ],
    [
      -0.4365482649516191,
      -0.10628856133389133,
      0.8933802964568353
    ]
  ]
}