{
  "tag": "N7_NB3_NL4_a1p60_s1",
  "N": 7,
  "types": [
    "B",
    "B",
    "B",
    "L",
    "L",
    "L",
    "L"
  ],
  "alpha": 1.6,
  "energy": 36.00651621758999,
  "diag": {
    "restarts": 60,
    "iters": 7000,
    "seed": 1,
    "energy_best": 36.00651621758999,
    "energy_median": 36.02758235616133,
    "energy_min": 36.00651621758999,
    "energy_max": 285.50462023116484
  },
  "angles_stats_all": {
    "count": 21,
    "min_deg": 65.38349095922113,
    "max_deg": 170.43810864137953,
    "mean_deg": 102.25371813619822,
    "p10_deg": 73.40602038156626,
    "p50_deg": 88.26494191721865,
    "p90_deg": 155.6108546160977,
    "std_deg": 31.10764739642897
  },
  "angles_stats_by_type": {
    "BB": {
      "count": 3,
      "min_deg": 65.38349095922113,
      "max_deg": 130.85818845512821,
      "mean_deg": 87.23980684724016,
      "p10_deg": 65.40234099285114,
      "p50_deg": 65.47774112737112,
      "p90_deg": 117.7820989895768,
      "std_deg": 30.842877420263065
    },
    "BL": {
      "count": 12,
      "min_deg": 73.40602038156626,
      "max_deg": 155.72485950627143,
      "mean_deg": 104.88025519803104,
      "p10_deg": 74.67160764110015,
      "p50_deg": 88.11327610348187,
      "p90_deg": 153.95004111036857,
      "std_deg": 30.76474353299977
    },
    "LL": {
      "count": 6,
      "min_deg": 82.2078496860534,
      "max_deg": 170.43810864137953,
      "mean_deg": 104.50759965701165,
      "p10_deg": 87.73685498218254,
      "p50_deg": 93.53177605493363,
      "p90_deg": 132.25416793391872,
      "std_deg": 29.778070251918162
    }
  },
  "angles_all_deg": [
    130.85818845512821,
    65.38349095922113,
    155.6108546160977,
    88.04177177619644,
    88.18478043076729,
    73.40602038156626,
    65.47774112737112,
    73.53093527463028,
    88.26494191721865,
    87.56621042784948,
    155.72485950627143,
    139.0027195588063,
    84.93765893932897,
    85.5031067308553,
    138.7892028167844,
    93.39559811360135,
    93.66795399626591,
    82.2078496860534,
    170.43810864137953,
    94.07022722645793,
    93.26586027831168
  ],
  "points_xyz": [
    [
      0.46034428962935037,
      0.8427001502262845,
      0.27917663192725545
    ],
    [
      0.35031022265701184,
      -0.9295346079655004,
      -0.11510065376190741
    ],
    [
      0.9770771600640165,
      -0.10145738825934852,
      0.18715400516373704
    ],
    [
      -0.7748055234522602,
      -0.5608622865741165,
      -0.2917360045087388
    ],
    [
      0.2898884873808514,
      0.19275665129968694,
      -0.9374484189883583
    ],
    [
      -0.12746307444801128,
      -0.21365336117356706,
      0.9685584163650109
    ],
    [
      -0.6969437708593668,
      0.7170850340757167,
      0.0076442242872994835
    ]
  ]
}