{
  "tag": "N7_NB1_NL6_a1p10_s1",
  "N": 7,
  "types": [
    "B",
    "L",
    "L",
    "L",
    "L",
    "L",
    "L"
  ],
  "alpha": 1.1,
  "energy": 24.14031726518202,
  "diag": {
    "restarts": 60,
    "iters": 7000,
    "seed": 1,
    "energy_best": 24.14031726518202,
    "energy_median": 24.144129834145964,
    "energy_min": 24.14031726518202,
    "energy_max": 193.8772856221812
  },
  "angles_stats_all": {
    "count": 21,
    "min_deg": 70.67901993864157,
    "max_deg": 178.55121549270092,
    "mean_deg": 102.78089837848938,
    "p10_deg": 72.57442498666069,
    "p50_deg": 89.89469076996815,
    "p90_deg": 145.16494609967822,
    "std_deg": 31.327940633878782
  },
  "angles_stats_by_type": {
    "BB": null,
    "BL": {
      "count": 6,
      "min_deg": 70.67901993864157,
      "max_deg": 144.08054247123596,
      "mean_deg": 101.29853669622486,
      "p10_deg": 70.9047823316146,
      "p50_deg": 89.28899633967566,
      "p90_deg": 143.7018314173843,
      "std_deg": 30.911969282659058
    },
    "LL": {
      "count": 15,
      "min_deg": 72.57442498666069,
      "max_deg": 178.55121549270092,
      "mean_deg": 103.37384305139521,
      "p10_deg": 72.86528232971945,
      "p50_deg": 89.89469076996815,
      "p90_deg": 145.32655255654979,
      "std_deg": 31.4732478508812
    }
  },
  "angles_all_deg": [
    143.32312036353267,
    88.65151934838647,
    89.92647333096484,
    144.08054247123596,
    70.67901993864157,
    71.13054472458764,
    89.0541191928695,
    92.25265720662439,
    72.57442498666069,
    72.80560753010941,
    145.43429019446418,
    178.55121549270092,
    91.55068224683757,
    91.63352130568394,
    89.3831122827963,
    89.43822712512139,
    88.15685835849723,
    89.89469076996815,
    145.16494609967822,
    72.9547945291345,
    141.7584984497818
  ],
  "points_xyz": [
    [
      -0.06256202957222354,
      0.7231625588170052,
      0.6878385755255703
    ],
    [
      0.28779605257593516,
      -0.94673264142795,
      -0.14446708198259606
    ],
    [
      0.9355587375717287,
      0.2962914995231483,
      -0.19220092576134334
    ],
    [
      -0.9390185339196729,
      -0.2753620626483915,
      0.20596098516314032
    ],
    [
      -0.15797355073869968,
      -0.21735454483099445,
      -0.9632244593594573
    ],
    [
      0.26861169281706443,
      -0.36652286363989633,
      0.8907910803949267
    ],
    [
      -0.3417337475076216,
      0.8324755112927563,
      -0.4361221949319491
    ]
  ]
}