{
  "tag": "PURE_N12_a1p10_s1",
  "N": 12,
  "types": [
    "B",
    "B",
    "B",
    "B",
    "B",
    "B",
    "B",
    "B",
    "B",
    "B",
    "B",
    "B"
  ],
  "alpha": 1.1,
  "energy": 78.00301811036456,
  "diag": {
    "restarts": 200,
    "iters": 12000,
    "seed": 1,
    "energy_best": 78.00301811036456,
    "energy_median": 125.60817652405336,
    "energy_min": 78.00301811036456,
    "energy_max": 1158.262971382813
  },
  "angles_stats_all": {
    "count": 66,
    "min_deg": 62.66256213376047,
    "max_deg": 179.72908428976817,
    "mean_deg": 98.12612094486978,
    "p10_deg": 63.176754941174295,
    "p50_deg": 115.88714812333538,
    "p90_deg": 117.38263745674826,
    "std_deg": 36.08195093220369
  },
  "angles_stats_by_type": {
    "BB": {
      "count": 66,
      "min_deg": 62.66256213376047,
      "max_deg": 179.72908428976817,
      "mean_deg": 98.12612094486978,
      "p10_deg": 63.176754941174295,
      "p50_deg": 115.88714812333538,
      "p90_deg": 117.38263745674826,
      "std_deg": 36.08195093220369
    },
    "BL": null,
    "LL": null
  },
  "angles_all_deg": [
    63.7517412666049,
    116.70491028809879,
    63.46879633749476,
    116.74749792012143,
    179.3425044214153,
    115.95571636521001,
    63.29748021219051,
    63.504585261628925,
    116.65394838743173,
    63.31969496183217,
    116.35815906122342,
    63.02339327183602,
    116.4904599959501,
    115.93309174082523,
    116.7404260503775,
    116.91594367089063,
    62.88671375788963,
    117.0457660485677,
    63.42292471216958,
    63.17185133462812,
    179.59584578724625,
    116.46041043942292,
    63.18165854772047,
    63.94907698109507,
    117.06695141108952,
    115.6148516033466,
    179.72908428976817,
    63.20630228627631,
    63.70873853726102,
    116.66020061612349,
    63.5652816477943,
    116.3938256732715,
    116.30576111287644,
    117.19714668686028,
    63.76776503229124,
    179.66611208818168,
    63.163533771683724,
    63.366758221156594,
    63.52275327974444,
    116.88388850728424,
    178.74689261146972,
    116.91656567495143,
    116.15281783841209,
    63.51481865145112,
    63.66319725034492,
    63.47436545950859,
    116.4470013809242,
    115.84120450584554,
    63.487331037131604,
    117.24813565085486,
    63.152999985449455,
    63.83315212920831,
    62.66256213376047,
    63.953769753005886,
    179.2070560444638,
    63.42265003233968,
    64.2886275019319,
    63.08123022014302,
    115.78200137122334,
    117.51713926264163,
    116.56546388262626,
    116.56169750853309,
    63.27192523050475,
    116.57936026419324,
    116.71747203997069,
    116.49299335363537
  ],
  "points_xyz": [
    [
      -0.5871102800003164,
      -0.7758206914889253,
      0.23109256538364809
    ],
    [
      -0.2871726013112245,
      -0.5798423168306828,
      -0.762440020374436
    ],
    [
      -0.1779924586194041,
      0.4538789111294478,
      -0.8731051590195573
    ],
    [
      -0.6724876796148412,
      0.14908945932336048,
      0.7249363102265707
    ],
    [
      -0.4172751766640503,
      0.907886547306063,
      0.04029198630821811
    ],
    [
      0.5934775596976158,
      0.7736892494396251,
      -0.22178668002590332
    ],
    [
      0.9545901592841451,
      -0.07214964340993726,
      0.2890537264137744
    ],
    [
      0.4118512866155644,
      -0.9091774683305848,
      -0.06143979812054058
    ],
    [
      0.18264222604238733,
      -0.45339479710069114,
      0.8723961114243374
    ],
    [
      0.669551688197774,
      -0.14542704704948015,
      -0.7283896696260727
    ],
    [
      -0.9581751711716014,
      0.06321238580378567,
      -0.279113839913512
    ],
    [
      0.282666939090504,
      0.5848335280847415,
      0.7603085860183083
    ]
  ]
}