{
  "tag": "MAP_N6_NB2_NL4_a1p95_s5",
  "N": 6,
  "types": [
    "B",
    "B",
    "L",
    "L",
    "L",
    "L"
  ],
  "alpha": 1.95,
  "energy": 34.94458507111236,
  "diag": {
    "restarts": 200,
    "iters": 8000,
    "seed": 5,
    "energy_best": 34.94458507111236,
    "energy_median": 34.94502767655126,
    "energy_min": 34.94458507111236,
    "energy_max": 509.5569285220403
  },
  "angles_stats_all": {
    "count": 15,
    "min_deg": 80.5978327558803,
    "max_deg": 170.6881038105227,
    "mean_deg": 105.316607565426,
    "p10_deg": 83.23526122183799,
    "p50_deg": 95.55480195834255,
    "p90_deg": 167.33871279653638,
    "std_deg": 31.854937691374612
  },
  "angles_stats_by_type": {
    "BB": {
      "count": 1,
      "min_deg": 80.5978327558803,
      "max_deg": 80.5978327558803,
      "mean_deg": 80.5978327558803,
      "p10_deg": 80.5978327558803,
      "p50_deg": 80.5978327558803,
      "p90_deg": 80.5978327558803,
      "std_deg": 0.0
    },
    "BL": {
      "count": 8,
      "min_deg": 83.21864076571494,
      "max_deg": 170.6881038105227,
      "mean_deg": 106.83558673903902,
      "p10_deg": 83.24772656393029,
      "p50_deg": 86.73903221422646,
      "p90_deg": 170.54944244584712,
      "std_deg": 36.907182686163374
    },
    "LL": {
      "count": 6,
      "min_deg": 95.55480195834255,
      "max_deg": 162.61175777129029,
      "mean_deg": 107.41109780219955,
      "p10_deg": 95.57160787776941,
      "p50_deg": 95.64768164007691,
      "p90_deg": 131.0140038887523,
      "std_deg": 24.725618337890136
    }
  },
  "angles_all_deg": [
    80.5978327558803,
    170.49001614670044,
    83.45724502894022,
    83.21864076571494,
    90.09243182595833,
    89.89404943486193,
    83.26019190602257,
    83.58401499359097,
    170.6881038105227,
    95.68788746123315,
    95.60747581892068,
    99.41625000621434,
    162.61175777129029,
    95.55480195834255,
    95.58841379719627
  ],
  "points_xyz": [
    [
      -0.6707691086580334,
      0.5933860384220111,
      -0.4449289968926939
    ],
    [
      -0.2849445028252475,
      -0.6045515860236176,
      -0.7438575200574374
    ],
    [
      0.6298100975970842,
      -0.7039313068172788,
      0.328359492397082
    ],
    [
      0.6174990071810013,
      0.369324936792051,
      -0.6944739499751056
    ],
    [
      -0.8076847504531434,
      -0.3695010039096013,
      0.4594718184995033
    ],
    [
      0.1813665873559861,
      0.7114053806723103,
      0.6789761007143984
    ]
  ]
}