{
  "tag": "MAP_N6_NB2_NL4_a1p2_s4",
  "N": 6,
  "types": [
    "B",
    "B",
    "L",
    "L",
    "L",
    "L"
  ],
  "alpha": 1.2,
  "energy": 17.294727258189752,
  "diag": {
    "restarts": 200,
    "iters": 8000,
    "seed": 4,
    "energy_best": 17.294727258189752,
    "energy_median": 17.294940523218493,
    "energy_min": 17.294727258189752,
    "energy_max": 244.13694627799342
  },
  "angles_stats_all": {
    "count": 15,
    "min_deg": 86.91719468094698,
    "max_deg": 176.8671199618742,
    "mean_deg": 107.25995329683776,
    "p10_deg": 88.20841474848444,
    "p50_deg": 91.39756948478869,
    "p90_deg": 176.323934810612,
    "std_deg": 34.61681922390536
  },
  "angles_stats_by_type": {
    "BB": {
      "count": 1,
      "min_deg": 86.91719468094698,
      "max_deg": 86.91719468094698,
      "mean_deg": 86.91719468094698,
      "p10_deg": 86.91719468094698,
      "p50_deg": 86.91719468094698,
      "p90_deg": 86.91719468094698,
      "std_deg": 0.0
    },
    "BL": {
      "count": 8,
      "min_deg": 88.20792617670241,
      "max_deg": 176.8671199618742,
      "mean_deg": 110.89303044188905,
      "p10_deg": 88.20878117732097,
      "p50_deg": 89.27079129994249,
      "p90_deg": 176.86667922785065,
      "std_deg": 38.09570675240214
    },
    "LL": {
      "count": 6,
      "min_deg": 91.39756948478869,
      "max_deg": 175.5101015137692,
      "mean_deg": 105.8063102060845,
      "p10_deg": 91.41889869381563,
      "p50_deg": 91.66650414759309,
      "p90_deg": 134.3335277768448,
      "std_deg": 31.178249149411556
    }
  },
  "angles_all_deg": [
    86.91719468094698,
    89.96564598293341,
    88.2091476061575,
    88.57994713577685,
    176.8671199618742,
    176.86649034184055,
    88.48633086571941,
    88.20792617670241,
    89.96163546410814,
    91.73800726783638,
    91.39756948478869,
    93.15695403992041,
    175.5101015137692,
    91.44022790284258,
    91.59500102734978
  ],
  "points_xyz": [
    [
      0.00966914017732207,
      0.3144902389849732,
      0.9492114607985966
    ],
    [
      0.26172454758142005,
      0.9309932943371685,
      -0.25446364591533943
    ],
    [
      -0.25618557273232034,
      -0.9166045815071675,
      0.30692831978148144
    ],
    [
      -0.9575830848134272,
      0.28355947599469533,
      -0.05127045204417665
    ],
    [
      0.972484757903973,
      -0.21582540911883802,
      0.08770854247527557
    ],
    [
      2.70576503728743e-05,
      -0.2629917260007807,
      -0.9647980883703148
    ]
  ]
}