{
  "tag": "MAP_N6_NB2_NL4_a1p95_s2",
  "N": 6,
  "types": [
    "B",
    "B",
    "L",
    "L",
    "L",
    "L"
  ],
  "alpha": 1.95,
  "energy": 34.94457258614213,
  "diag": {
    "restarts": 200,
    "iters": 8000,
    "seed": 2,
    "energy_best": 34.94457258614213,
    "energy_median": 34.94498123906071,
    "energy_min": 34.94457258614213,
    "energy_max": 745.8414824274356
  },
  "angles_stats_all": {
    "count": 15,
    "min_deg": 81.13684078505254,
    "max_deg": 170.84247359238478,
    "mean_deg": 105.36350349683228,
    "p10_deg": 83.42806191984187,
    "p50_deg": 95.45791819362832,
    "p90_deg": 167.5563139951974,
    "std_deg": 31.911697142861513
  },
  "angles_stats_by_type": {
    "BB": {
      "count": 1,
      "min_deg": 81.13684078505254,
      "max_deg": 81.13684078505254,
      "mean_deg": 81.13684078505254,
      "p10_deg": 81.13684078505254,
      "p50_deg": 81.13684078505254,
      "p90_deg": 81.13684078505254,
      "std_deg": 0.0
    },
    "BL": {
      "count": 8,
      "min_deg": 83.40382059040459,
      "max_deg": 170.84247359238478,
      "mean_deg": 106.847649294893,
      "p10_deg": 83.44624291691981,
      "p50_deg": 86.5796847727823,
      "p90_deg": 170.75079580826136,
      "std_deg": 36.99507695093225
    },
    "LL": {
      "count": 6,
      "min_deg": 95.45791819362832,
      "max_deg": 162.8235269939665,
      "mean_deg": 107.42241955138128,
      "p10_deg": 95.4953212417486,
      "p50_deg": 95.56889604374715,
      "p90_deg": 131.20304136864814,
      "std_deg": 24.820263768256368
    }
  },
  "angles_all_deg": [
    81.13684078505254,
    83.49391766409265,
    89.70568372334833,
    83.40382059040459,
    170.71150532935133,
    83.46442391399776,
    170.84247359238478,
    83.58441897751095,
    89.57495056805365,
    95.5327242898689,
    162.8235269939665,
    95.5862960132562,
    95.45791819362832,
    99.58255574332976,
    95.55149607423809
  ],
  "points_xyz": [
    [
      -0.3163833011413641,
      0.34448733276681365,
      0.8838722104026687
    ],
    [
      0.8828756621498838,
      0.06469899678005103,
      0.4651285897459535
    ],
    [
      0.15922558298657802,
      0.9683482547817805,
      -0.192220891642049
    ],
    [
      -0.9444380780725887,
      -0.009490568911896601,
      -0.3285523486269475
    ],
    [
      -0.04972631502413204,
      -0.8875223180583591,
      0.4580736060312118
    ],
    [
      0.4642833452851957,
      -0.33927078992091736,
      -0.8181297613442653
    ]
  ]
}