{
  "tag": "MAP_N6_NB2_NL4_a2p15_s2",
  "N": 6,
  "types": [
    "B",
    "B",
    "L",
    "L",
    "L",
    "L"
  ],
  "alpha": 2.15,
  "energy": 40.55110588325687,
  "diag": {
    "restarts": 200,
    "iters": 8000,
    "seed": 2,
    "energy_best": 40.55110588325687,
    "energy_median": 40.55162763366519,
    "energy_min": 40.55110588325687,
    "energy_max": 1278.2318635644938
  },
  "angles_stats_all": {
    "count": 15,
    "min_deg": 80.13086893598685,
    "max_deg": 170.09622570420896,
    "mean_deg": 104.99364135715294,
    "p10_deg": 82.27114147986396,
    "p50_deg": 96.21526083227417,
    "p90_deg": 165.84934821232767,
    "std_deg": 31.521323306505586
  },
  "angles_stats_by_type": {
    "BB": {
      "count": 1,
      "min_deg": 80.13086893598685,
      "max_deg": 80.13086893598685,
      "mean_deg": 80.13086893598685,
      "p10_deg": 80.13086893598685,
      "p50_deg": 80.13086893598685,
      "p90_deg": 80.13086893598685,
      "std_deg": 0.0
    },
    "BL": {
      "count": 8,
      "min_deg": 82.17276944654117,
      "max_deg": 170.09622570420896,
      "mean_deg": 106.11341125634934,
      "p10_deg": 82.34492050485606,
      "p50_deg": 86.03487642891358,
      "p90_deg": 169.7992984804,
      "std_deg": 36.94039820293758
    },
    "LL": {
      "count": 6,
      "min_deg": 96.21526083227417,
      "max_deg": 160.11530459695348,
      "mean_deg": 107.64441022841879,
      "p10_deg": 96.24173457934543,
      "p50_deg": 96.45259503567488,
      "p90_deg": 130.23890107023604,
      "std_deg": 23.511753112819004
    }
  },
  "angles_all_deg": [
    80.13086893598685,
    169.67204395591045,
    82.17276944654117,
    89.96543689144306,
    82.41869952984815,
    89.54118404682966,
    82.51236166501573,
    170.09622570420896,
    82.52856881099748,
    96.5891933389472,
    100.36249754351861,
    96.31599673240255,
    96.2682083264167,
    160.11530459695348,
    96.21526083227417
  ],
  "points_xyz": [
    [
      0.7132290327246841,
      0.3135221815241285,
      -0.626903651744798
    ],
    [
      -0.5627298984046113,
      0.25368454556565995,
      -0.786752319845757
    ],
    [
      -0.8263429001370002,
      -0.2718348462420389,
      0.49321722168000065
    ],
    [
      0.10922767918657883,
      -0.8487275416539101,
      -0.5174271679547026
    ],
    [
      0.6956326264698208,
      -0.20211325838367697,
      0.6893805043488188
    ],
    [
      -0.06934019500209297,
      0.9774431830258916,
      0.19949125623266095
    ]
  ]
}