{
  "tag": "MAP_N6_NB2_NL4_a1p05_s4",
  "N": 6,
  "types": [
    "B",
    "B",
    "L",
    "L",
    "L",
    "L"
  ],
  "alpha": 1.05,
  "energy": 14.41226065780117,
  "diag": {
    "restarts": 200,
    "iters": 8000,
    "seed": 4,
    "energy_best": 14.41226065780117,
    "energy_median": 14.41240200625383,
    "energy_min": 14.41226065780117,
    "energy_max": 190.15920936314959
  },
  "angles_stats_all": {
    "count": 15,
    "min_deg": 89.11082990439252,
    "max_deg": 179.24692217494638,
    "mean_deg": 107.78822719501473,
    "p10_deg": 89.43694919961843,
    "p50_deg": 90.41026275797762,
    "p90_deg": 178.80924401161903,
    "std_deg": 35.584595066715764
  },
  "angles_stats_by_type": {
    "BB": {
      "count": 1,
      "min_deg": 89.11082990439252,
      "max_deg": 89.11082990439252,
      "mean_deg": 89.11082990439252,
      "p10_deg": 89.11082990439252,
      "p50_deg": 89.11082990439252,
      "p90_deg": 89.11082990439252,
      "std_deg": 0.0
    },
    "BL": {
      "count": 8,
      "min_deg": 89.4259385179494,
      "max_deg": 179.24692217494638,
      "mean_deg": 112.02625335105827,
      "p10_deg": 89.4452072108702,
      "p50_deg": 89.72027635260643,
      "p90_deg": 178.9594167683957,
      "std_deg": 38.69199701170306
    },
    "LL": {
      "count": 6,
      "min_deg": 90.41026275797762,
      "max_deg": 178.7688097806652,
      "mean_deg": 105.25042520206038,
      "p10_deg": 90.41206355733061,
      "p50_deg": 90.4507294756368,
      "p90_deg": 134.8884825732137,
      "std_deg": 32.87909999788113
    }
  },
  "angles_all_deg": [
    89.11082990439252,
    89.4259385179494,
    89.72807188350762,
    179.24692217494638,
    89.71248082170524,
    89.65378982305099,
    178.83620016558825,
    90.15315819959632,
    89.45346522212196,
    90.41386435668362,
    90.41026275797762,
    178.7688097806652,
    91.00815536576222,
    90.46151399367905,
    90.43994495759456
  ],
  "points_xyz": [
    [
      -0.4000318466428568,
      0.2562089722704587,
      0.8799610697068486
    ],
    [
      -0.7858216236686262,
      -0.5957162115306722,
      -0.16615225275134618
    ],
    [
      0.47306421164587065,
      -0.7589629733184629,
      0.44742089445115213
    ],
    [
      0.7771332975533014,
      0.6020215834040826,
      0.18339534058850315
    ],
    [
      0.3913218977727499,
      -0.26600027343177446,
      -0.8809716379417414
    ],
    [
      -0.4910527238219494,
      0.7536171804376314,
      -0.43695350756834395
    ]
  ]
}