{
  "tag": "MAP_N6_NB2_NL4_a1p1_s2",
  "N": 6,
  "types": [
    "B",
    "B",
    "L",
    "L",
    "L",
    "L"
  ],
  "alpha": 1.1,
  "energy": 15.348798032656997,
  "diag": {
    "restarts": 200,
    "iters": 8000,
    "seed": 2,
    "energy_best": 15.348798032656997,
    "energy_median": 15.34900074226573,
    "energy_min": 15.348798032656997,
    "energy_max": 232.7874840199676
  },
  "angles_stats_all": {
    "count": 15,
    "min_deg": 88.48912975534786,
    "max_deg": 178.5499364855884,
    "mean_deg": 107.62973845096693,
    "p10_deg": 89.02755161153881,
    "p50_deg": 90.74436661225276,
    "p90_deg": 178.08129738061135,
    "std_deg": 35.284980626505366
  },
  "angles_stats_by_type": {
    "BB": {
      "count": 1,
      "min_deg": 88.48912975534786,
      "max_deg": 88.48912975534786,
      "mean_deg": 88.48912975534786,
      "p10_deg": 88.48912975534786,
      "p50_deg": 88.48912975534786,
      "p90_deg": 88.48912975534786,
      "std_deg": 0.0
    },
    "BL": {
      "count": 8,
      "min_deg": 89.00509594846437,
      "max_deg": 178.5499364855884,
      "mean_deg": 111.6889567057131,
      "p10_deg": 89.04439335884464,
      "p50_deg": 89.63122202439513,
      "p90_deg": 178.46922668617233,
      "std_deg": 38.57069600245498
    },
    "LL": {
      "count": 6,
      "min_deg": 90.74436661225276,
      "max_deg": 177.55128829332304,
      "mean_deg": 105.40754889390855,
      "p10_deg": 90.75219491335554,
      "p50_deg": 90.94600232770208,
      "p90_deg": 134.5244494406681,
      "std_deg": 32.264659365321556
    }
  },
  "angles_all_deg": [
    88.48912975534786,
    89.31312748394753,
    89.13418023597822,
    89.94931656484275,
    178.5499364855884,
    89.00509594846437,
    89.06123510615048,
    178.43463677213688,
    90.06412504859613,
    177.55128829332304,
    90.86737590526522,
    90.7600232144583,
    91.02462875013892,
    90.74436661225276,
    91.49761058801315
  ],
  "points_xyz": [
    [
      -0.5718091669727443,
      -0.6561176184168439,
      -0.49248750986085427
    ],
    [
      0.21863125243705506,
      0.42764257923918636,
      -0.8771101412476432
    ],
    [
      -0.7890664744501138,
      0.6090171438878045,
      0.0804500922908684
    ],
    [
      0.7812770899215672,
      -0.612074101959418,
      -0.12235768253060125
    ],
    [
      -0.23579262195352121,
      -0.4445153077025777,
      0.8641805254982123
    ],
    [
      0.5788744838270997,
      0.6661022350644339,
      0.4703319513025605
    ]
  ]
}