{
  "tag": "MAP_N6_NB2_NL4_a1p1_s3",
  "N": 6,
  "types": [
    "B",
    "B",
    "L",
    "L",
    "L",
    "L"
  ],
  "alpha": 1.1,
  "energy": 15.348840630422172,
  "diag": {
    "restarts": 200,
    "iters": 8000,
    "seed": 3,
    "energy_best": 15.348840630422172,
    "energy_median": 15.348995047443205,
    "energy_min": 15.348840630422172,
    "energy_max": 203.3344186756162
  },
  "angles_stats_all": {
    "count": 15,
    "min_deg": 88.17057424501375,
    "max_deg": 178.16394728251822,
    "mean_deg": 107.587318012313,
    "p10_deg": 89.05880132262249,
    "p50_deg": 90.61481015132071,
    "p90_deg": 177.92692410054568,
    "std_deg": 35.20448102433516
  },
  "angles_stats_by_type": {
    "BB": {
      "count": 1,
      "min_deg": 88.17057424501375,
      "max_deg": 88.17057424501375,
      "mean_deg": 88.17057424501375,
      "p10_deg": 88.17057424501375,
      "p50_deg": 88.17057424501375,
      "p90_deg": 88.17057424501375,
      "std_deg": 0.0
    },
    "BL": {
      "count": 8,
      "min_deg": 89.0090951736187,
      "max_deg": 178.16394728251822,
      "mean_deg": 111.60898489661093,
      "p10_deg": 89.09608093437534,
      "p50_deg": 89.62723239718062,
      "p90_deg": 178.1400691930799,
      "std_deg": 38.417302516097564
    },
    "LL": {
      "count": 6,
      "min_deg": 90.61481015132071,
      "max_deg": 177.62255666209757,
      "mean_deg": 105.46121946113233,
      "p10_deg": 90.62171873586442,
      "p50_deg": 91.03203728146782,
      "p90_deg": 134.72990236606472,
      "std_deg": 32.274079013293175
    }
  },
  "angles_all_deg": [
    88.17057424501375,
    178.16394728251822,
    89.99207199693072,
    89.18008738027048,
    89.13336054612817,
    90.0010882698128,
    178.12983572617776,
    89.26239279743051,
    89.0090951736187,
    91.83724807003185,
    90.62862732040811,
    91.00359360570324,
    91.0604809572324,
    90.61481015132071,
    177.62255666209757
  ],
  "points_xyz": [
    [
      0.9715160416901439,
      -0.007468625414754873,
      -0.23685607522951266
    ],
    [
      0.250858895588699,
      -0.3435697317693519,
      0.9050025712206313
    ],
    [
      -0.9642583892665944,
      -0.006251197649097677,
      0.2648899417813838
    ],
    [
      -0.2192808765080624,
      0.3492166379591629,
      -0.9110234008906439
    ],
    [
      -0.07153024702808713,
      -0.9433262048645422,
      -0.3240664977685298
    ],
    [
      0.1065519322631227,
      0.9329898174438168,
      0.34376836136728534
    ]
  ]
}