{
  "tag": "MAP_N6_NB2_NL4_a1p75_s1",
  "N": 6,
  "types": [
    "B",
    "B",
    "L",
    "L",
    "L",
    "L"
  ],
  "alpha": 1.75,
  "energy": 29.71488688967613,
  "diag": {
    "restarts": 200,
    "iters": 8000,
    "seed": 1,
    "energy_best": 29.71488688967613,
    "energy_median": 29.71521447299413,
    "energy_min": 29.71488688967613,
    "energy_max": 395.54449281409086
  },
  "angles_stats_all": {
    "count": 15,
    "min_deg": 81.85392046629295,
    "max_deg": 171.85833130893496,
    "mean_deg": 105.7323767732593,
    "p10_deg": 84.41783788775705,
    "p50_deg": 94.65278995610754,
    "p90_deg": 169.1726743330131,
    "std_deg": 32.3464238206063
  },
  "angles_stats_by_type": {
    "BB": {
      "count": 1,
      "min_deg": 81.85392046629295,
      "max_deg": 81.85392046629295,
      "mean_deg": 81.85392046629295,
      "p10_deg": 81.85392046629295,
      "p50_deg": 81.85392046629295,
      "p90_deg": 81.85392046629295,
      "std_deg": 0.0
    },
    "BL": {
      "count": 8,
      "min_deg": 84.379335203497,
      "max_deg": 171.85833130893496,
      "mean_deg": 107.6693409257062,
      "p10_deg": 84.44671490095207,
      "p50_deg": 87.20032733683351,
      "p90_deg": 171.73013586051184,
      "std_deg": 37.072723943169734
    },
    "LL": {
      "count": 6,
      "min_deg": 94.65278995610754,
      "max_deg": 165.41889340146557,
      "mean_deg": 107.12950062115785,
      "p10_deg": 94.668658554162,
      "p50_deg": 94.85063880603585,
      "p90_deg": 131.8692045032757,
      "std_deg": 26.10033549687857
    }
  },
  "angles_all_deg": [
    81.85392046629295,
    90.005272966662,
    171.6751949540448,
    84.56034638469664,
    84.57938015081905,
    171.85833130893496,
    89.82127452284797,
    84.4755919141471,
    84.379335203497,
    98.31951560508587,
    94.91906031419363,
    94.78221729787806,
    94.68452715221645,
    94.65278995610754,
    165.41889340146557
  ],
  "points_xyz": [
    [
      -0.5209765035869625,
      -0.650205937800159,
      0.5530060769645482
    ],
    [
      0.5698060096944483,
      0.024145819534684237,
      0.8214244278782368
    ],
    [
      -0.6489905903838101,
      -0.11896087728156315,
      -0.7514383030360339
    ],
    [
      0.6096167874460727,
      0.6603718019079532,
      -0.43849339300469825
    ],
    [
      -0.5435672783918573,
      0.6927894588161221,
      0.4738959586395877
    ],
    [
      0.5548472796060195,
      -0.7958995140216365,
      -0.24225701206347386
    ]
  ]
}