{
  "tag": "MAP_N6_NB2_NL4_a1p65_s4",
  "N": 6,
  "types": [
    "B",
    "B",
    "L",
    "L",
    "L",
    "L"
  ],
  "alpha": 1.65,
  "energy": 27.241976761153687,
  "diag": {
    "restarts": 200,
    "iters": 8000,
    "seed": 4,
    "energy_best": 27.241976761153687,
    "energy_median": 27.242310078967144,
    "energy_min": 27.241976761153687,
    "energy_max": 473.04289187307415
  },
  "angles_stats_all": {
    "count": 15,
    "min_deg": 82.49998587899215,
    "max_deg": 172.73318078840595,
    "mean_deg": 105.99324919010374,
    "p10_deg": 85.08896373915718,
    "p50_deg": 94.14757963148651,
    "p90_deg": 170.28452686863488,
    "std_deg": 32.6820382081944
  },
  "angles_stats_by_type": {
    "BB": {
      "count": 1,
      "min_deg": 82.49998587899215,
      "max_deg": 82.49998587899215,
      "mean_deg": 82.49998587899215,
      "p10_deg": 82.49998587899215,
      "p50_deg": 82.49998587899215,
      "p90_deg": 82.49998587899215,
      "std_deg": 0.0
    },
    "BL": {
      "count": 8,
      "min_deg": 85.02620865726405,
      "max_deg": 172.73318078840595,
      "mean_deg": 108.23907194300895,
      "p10_deg": 85.13603005057703,
      "p50_deg": 87.56831617305434,
      "p90_deg": 172.4793895772419,
      "std_deg": 37.184636388488805
    },
    "LL": {
      "count": 6,
      "min_deg": 94.14757963148651,
      "max_deg": 167.15538429861547,
      "mean_deg": 106.91436273808203,
      "p10_deg": 94.19575744408505,
      "p50_deg": 94.27200307188801,
      "p90_deg": 132.275327698273,
      "std_deg": 26.965357325528476
    }
  },
  "angles_all_deg": [
    82.49998587899215,
    85.02620865726405,
    90.23343466824929,
    172.37062191531447,
    85.2652280772764,
    85.18309636199687,
    172.73318078840595,
    89.87140426883228,
    85.22940080673239,
    94.2817636888511,
    94.2622424549249,
    167.15538429861547,
    97.39527109793055,
    94.14757963148651,
    94.2439352566836
  ],
  "points_xyz": [
    [
      -0.6378004699229841,
      0.20805607645967,
      0.7415680883197635
    ],
    [
      0.6520193774967021,
      -0.06602917682946359,
      0.7553217057493029
    ],
    [
      -0.20749933646869828,
      -0.9561461025266236,
      0.20670910959170974
    ],
    [
      -0.7387939429441853,
      0.09414762433153706,
      -0.6673228114651196
    ],
    [
      0.7302105021559381,
      -0.22053646270283672,
      -0.6466500530887576
    ],
    [
      0.20813098015926973,
      0.9779711581333606,
      0.015934520928943
    ]
  ]
}