{
  "tag": "MAP_N6_NB2_NL4_a1p85_s5",
  "N": 6,
  "types": [
    "B",
    "B",
    "L",
    "L",
    "L",
    "L"
  ],
  "alpha": 1.85,
  "energy": 32.282527571526096,
  "diag": {
    "restarts": 200,
    "iters": 8000,
    "seed": 5,
    "energy_best": 32.282527571526096,
    "energy_median": 32.28284388326912,
    "energy_min": 32.282527571526096,
    "energy_max": 473.1346791257512
  },
  "angles_stats_all": {
    "count": 15,
    "min_deg": 81.47795128226379,
    "max_deg": 171.29088501812305,
    "mean_deg": 105.5256505633521,
    "p10_deg": 83.86778270229534,
    "p50_deg": 95.08739938275508,
    "p90_deg": 168.24388375854082,
    "std_deg": 32.0955507722224
  },
  "angles_stats_by_type": {
    "BB": {
      "count": 1,
      "min_deg": 81.47795128226379,
      "max_deg": 81.47795128226379,
      "mean_deg": 81.47795128226379,
      "p10_deg": 81.47795128226379,
      "p50_deg": 81.47795128226379,
      "p90_deg": 81.47795128226379,
      "std_deg": 0.0
    },
    "BL": {
      "count": 8,
      "min_deg": 83.8352454103701,
      "max_deg": 171.29088501812305,
      "mean_deg": 107.19576143458771,
      "p10_deg": 83.89218567123926,
      "p50_deg": 86.83194193790371,
      "p90_deg": 171.12233243884353,
      "std_deg": 37.010058957554094
    },
    "LL": {
      "count": 6,
      "min_deg": 95.08739938275508,
      "max_deg": 164.03456596762362,
      "mean_deg": 107.30678594855256,
      "p10_deg": 95.10686672877763,
      "p50_deg": 95.22787206532685,
      "p90_deg": 131.58561905155324,
      "std_deg": 25.410855014467277
    }
  },
  "angles_all_deg": [
    81.47795128226379,
    83.91658864018319,
    83.9964589155287,
    89.57243824484237,
    171.29088501812305,
    84.09144563096503,
    83.8352454103701,
    171.0500956191523,
    89.81293399753692,
    164.03456596762362,
    95.08739938275508,
    95.24188450756759,
    95.21385962308611,
    95.12633407480018,
    99.13667213548285
  ],
  "points_xyz": [
    [
      0.09713403473425504,
      0.6567320389406205,
      0.7478422349166567
    ],
    [
      0.9846713546056095,
      0.15974703055962536,
      -0.07002292229360298
    ],
    [
      0.26253899738520764,
      -0.6691336898254726,
      0.6952218207108564
    ],
    [
      -0.0643352158126458,
      0.8186397941230632,
      -0.5706924456171547
    ],
    [
      -0.9805691593789561,
      -0.05726568109566611,
      0.1876293299127216
    ],
    [
      0.05254991457750082,
      -0.639629955939034,
      -0.7668846236190467
    ]
  ]
}