{
  "tag": "MAP_N6_NB2_NL4_a1p5_s1",
  "N": 6,
  "types": [
    "B",
    "B",
    "L",
    "L",
    "L",
    "L"
  ],
  "alpha": 1.5,
  "energy": 23.710949493036434,
  "diag": {
    "restarts": 200,
    "iters": 8000,
    "seed": 1,
    "energy_best": 23.710949493036434,
    "energy_median": 23.71121455604824,
    "energy_min": 23.710949493036434,
    "energy_max": 349.5370709492206
  },
  "angles_stats_all": {
    "count": 15,
    "min_deg": 83.90492209324525,
    "max_deg": 174.16348745834415,
    "mean_deg": 106.38729369762139,
    "p10_deg": 86.08045322924507,
    "p50_deg": 93.36646187938904,
    "p90_deg": 171.99857317395092,
    "std_deg": 33.23122494743545
  },
  "angles_stats_by_type": {
    "BB": {
      "count": 1,
      "min_deg": 83.90492209324525,
      "max_deg": 83.90492209324525,
      "mean_deg": 83.90492209324525,
      "p10_deg": 83.90492209324525,
      "p50_deg": 83.90492209324525,
      "p90_deg": 83.90492209324525,
      "std_deg": 0.0
    },
    "BL": {
      "count": 8,
      "min_deg": 86.06828716441197,
      "max_deg": 174.16348745834415,
      "mean_deg": 109.03289510537108,
      "p10_deg": 86.08957777786988,
      "p50_deg": 87.94827018263553,
      "p90_deg": 173.74587088706656,
      "std_deg": 37.46382838331583
    },
    "LL": {
      "count": 6,
      "min_deg": 93.36646187938904,
      "max_deg": 169.64609440009878,
      "mean_deg": 106.60688708801786,
      "p10_deg": 93.39791080829784,
      "p50_deg": 93.51250943123989,
      "p90_deg": 132.91024102451584,
      "std_deg": 28.20953491451702
    }
  },
  "angles_all_deg": [
    83.90492209324525,
    173.56689235651902,
    90.2585929733055,
    86.0987023264947,
    86.06828716441197,
    89.66210872179839,
    174.16348745834415,
    86.2106581986222,
    86.23443164347266,
    96.1743876489329,
    93.45369508442987,
    93.5713237780499,
    93.42935973720664,
    93.36646187938904,
    169.64609440009878
  ],
  "points_xyz": [
    [
      0.42684496268134475,
      -0.8982624764229497,
      -0.104536602604405
    ],
    [
      0.5210129592392163,
      0.030104265615611168,
      0.8530177193332736
    ],
    [
      -0.37112381963863245,
      0.9064346400857505,
      0.20160196861501106
    ],
    [
      -0.48007612773866803,
      -0.12200637259240583,
      -0.8687009592617526
    ],
    [
      -0.7069356077311975,
      -0.4728807752768925,
      0.5259522971670032
    ],
    [
      0.821653131904658,
      0.3650511542859129,
      -0.4377485415004703
    ]
  ]
}