{
  "tag": "MAP_N6_NB2_NL4_a1p6_s5",
  "N": 6,
  "types": [
    "B",
    "B",
    "L",
    "L",
    "L",
    "L"
  ],
  "alpha": 1.6,
  "energy": 26.041132560292148,
  "diag": {
    "restarts": 200,
    "iters": 8000,
    "seed": 5,
    "energy_best": 26.041132560292148,
    "energy_median": 26.041504250454544,
    "energy_min": 26.041132560292148,
    "energy_max": 472.2378831299052
  },
  "angles_stats_all": {
    "count": 15,
    "min_deg": 83.08510461259674,
    "max_deg": 173.01263235866725,
    "mean_deg": 106.1172585208727,
    "p10_deg": 85.35809595675079,
    "p50_deg": 93.89063274991948,
    "p90_deg": 170.93327783948286,
    "std_deg": 32.85134307792032
  },
  "angles_stats_by_type": {
    "BB": {
      "count": 1,
      "min_deg": 83.08510461259674,
      "max_deg": 83.08510461259674,
      "mean_deg": 83.08510461259674,
      "p10_deg": 83.08510461259674,
      "p50_deg": 83.08510461259674,
      "p90_deg": 83.08510461259674,
      "std_deg": 0.0
    },
    "BL": {
      "count": 8,
      "min_deg": 85.31300864776087,
      "max_deg": 173.01263235866725,
      "mean_deg": 108.45828694229914,
      "p10_deg": 85.39191143849324,
      "p50_deg": 87.73446819056093,
      "p90_deg": 172.98603184717112,
      "std_deg": 37.303730455167674
    },
    "LL": {
      "count": 6,
      "min_deg": 93.89063274991948,
      "max_deg": 167.8712471567694,
      "mean_deg": 106.83457961035009,
      "p10_deg": 93.9670282956954,
      "p50_deg": 94.0533620561776,
      "p90_deg": 132.4833484791773,
      "std_deg": 27.31972413198793
    }
  },
  "angles_all_deg": [
    83.08510461259674,
    85.42572692023568,
    89.92826241366899,
    172.9746316279585,
    85.57803398495342,
    85.31300864776087,
    173.01263235866725,
    89.89090239616844,
    85.54309718898001,
    94.05859273033697,
    93.89063274991948,
    167.8712471567694,
    97.09544980158518,
    94.04813138201824,
    94.04342384147131
  ],
  "points_xyz": [
    [
      0.8103818120162525,
      0.3775541357813466,
      0.44803369662075154
    ],
    [
      0.06426241273455362,
      -0.6827440070540909,
      0.7278261902001447
    ],
    [
      -0.5193353920138027,
      0.5386655823596308,
      0.6634230482754045
    ],
    [
      0.033525120354399585,
      0.7350080847275349,
      -0.6772290466971892
    ],
    [
      -0.8098224377424319,
      -0.46304518189912514,
      -0.3602454425095635
    ],
    [
      0.6419734569218849,
      -0.5835569588647468,
      -0.4973241964436207
    ]
  ]
}