{
  "tag": "MAP_N6_NB2_NL4_a1p05_s2",
  "N": 6,
  "types": [
    "B",
    "B",
    "L",
    "L",
    "L",
    "L"
  ],
  "alpha": 1.05,
  "energy": 14.412255936985304,
  "diag": {
    "restarts": 200,
    "iters": 8000,
    "seed": 2,
    "energy_best": 14.412255936985304,
    "energy_median": 14.412409443718822,
    "energy_min": 14.412255936985304,
    "energy_max": 218.93986068383293
  },
  "angles_stats_all": {
    "count": 15,
    "min_deg": 89.05865151635393,
    "max_deg": 179.01962236004283,
    "mean_deg": 107.78026916282462,
    "p10_deg": 89.42385463553131,
    "p50_deg": 90.32841102562011,
    "p90_deg": 178.87499801590172,
    "std_deg": 35.568809332080114
  },
  "angles_stats_by_type": {
    "BB": {
      "count": 1,
      "min_deg": 89.05865151635393,
      "max_deg": 89.05865151635393,
      "mean_deg": 89.05865151635393,
      "p10_deg": 89.05865151635393,
      "p50_deg": 89.05865151635393,
      "p90_deg": 89.05865151635393,
      "std_deg": 0.0
    },
    "BL": {
      "count": 8,
      "min_deg": 89.41427327001455,
      "max_deg": 179.01962236004283,
      "mean_deg": 112.01526574318848,
      "p10_deg": 89.4310406596689,
      "p50_deg": 89.86731358922205,
      "p90_deg": 178.96956910440196,
      "std_deg": 38.664848209916556
    },
    "LL": {
      "count": 6,
      "min_deg": 90.32841102562011,
      "max_deg": 178.76531847606338,
      "mean_deg": 105.25387666341793,
      "p10_deg": 90.35208504621852,
      "p50_deg": 90.50530761692818,
      "p90_deg": 134.90423732710707,
      "std_deg": 32.87618837600753
    }
  },
  "angles_all_deg": [
    89.05865151635393,
    179.01962236004283,
    89.9055059095839,
    89.41427327001455,
    89.82912126886019,
    89.99347140689274,
    178.9481177091273,
    89.57378733717987,
    89.43822668380646,
    91.04315617815075,
    90.32841102562011,
    90.41194498381543,
    90.59867025004094,
    90.37575906681691,
    178.76531847606338
  ],
  "points_xyz": [
    [
      0.44001537521320355,
      0.7771299515982477,
      -0.44995056162303965
    ],
    [
      0.6143842982068808,
      0.12438719341434673,
      0.77914039827963
    ],
    [
      -0.42701505236273685,
      -0.77787569081088,
      0.4610504904033236
    ],
    [
      -0.6086206407031624,
      -0.10837427983338362,
      -0.7860254011039769
    ],
    [
      0.6704124855338062,
      -0.6105550291125217,
      -0.42162738960578927
    ],
    [
      -0.6542791943039031,
      0.6227345921101675,
      0.4290924885038409
    ]
  ]
}