{
  "tag": "MAP_N6_NB2_NL4_a2p15_s4",
  "N": 6,
  "types": [
    "B",
    "B",
    "L",
    "L",
    "L",
    "L"
  ],
  "alpha": 2.15,
  "energy": 40.55115664588973,
  "diag": {
    "restarts": 200,
    "iters": 8000,
    "seed": 4,
    "energy_best": 40.55115664588973,
    "energy_median": 40.551547771553615,
    "energy_min": 40.55115664588973,
    "energy_max": 786.8877304861738
  },
  "angles_stats_all": {
    "count": 15,
    "min_deg": 80.01930680246338,
    "max_deg": 169.73277579076228,
    "mean_deg": 104.96515637191071,
    "p10_deg": 82.30727606914706,
    "p50_deg": 96.11051734957576,
    "p90_deg": 165.8565689029479,
    "std_deg": 31.48282879201085
  },
  "angles_stats_by_type": {
    "BB": {
      "count": 1,
      "min_deg": 80.01930680246338,
      "max_deg": 80.01930680246338,
      "mean_deg": 80.01930680246338,
      "p10_deg": 80.01930680246338,
      "p50_deg": 80.01930680246338,
      "p90_deg": 80.01930680246338,
      "std_deg": 0.0
    },
    "BL": {
      "count": 8,
      "min_deg": 82.30285037916491,
      "max_deg": 169.73277579076228,
      "mean_deg": 106.05144106154339,
      "p10_deg": 82.31059533663367,
      "p50_deg": 86.16810998761662,
      "p90_deg": 169.6837205842944,
      "std_deg": 36.865962361865925
    },
    "LL": {
      "count": 6,
      "min_deg": 96.11051734957576,
      "max_deg": 160.14737687080043,
      "mean_deg": 107.67441838064167,
      "p10_deg": 96.21796699360218,
      "p50_deg": 96.42185118774648,
      "p90_deg": 130.38343696057638,
      "std_deg": 23.51934683873836
    }
  },
  "angles_all_deg": [
    80.01930680246338,
    89.64374768576415,
    169.73277579076228,
    82.31391460412028,
    82.69247228946907,
    169.6626969243796,
    89.7177523874769,
    82.30285037916491,
    82.34531843120986,
    100.6194970503523,
    96.49459099216433,
    96.34911138332863,
    96.11051734957576,
    96.32541663762858,
    160.14737687080043
  ],
  "points_xyz": [
    [
      0.7461945304025345,
      -0.18224538487802475,
      0.6402970736213011
    ],
    [
      -0.3419454062682712,
      -0.8347480664381627,
      0.4315889302447127
    ],
    [
      0.48244673580545805,
      0.8151821315061896,
      -0.32050466390317023
    ],
    [
      -0.8170923408133627,
      0.03117705428504171,
      -0.575663180922879
    ],
    [
      0.5017021333233597,
      -0.6569423771429451,
      -0.5627803146278006
    ],
    [
      -0.4151907069174737,
      0.4260857110457372,
      0.8037833313350166
    ]
  ]
}