{
  "tag": "MAP_N6_NB2_NL4_a1p9_s4",
  "N": 6,
  "types": [
    "B",
    "B",
    "L",
    "L",
    "L",
    "L"
  ],
  "alpha": 1.9,
  "energy": 33.60175107217684,
  "diag": {
    "restarts": 200,
    "iters": 8000,
    "seed": 4,
    "energy_best": 33.60175107217684,
    "energy_median": 33.602138620970194,
    "energy_min": 33.60175107217684,
    "energy_max": 601.6887282736466
  },
  "angles_stats_all": {
    "count": 15,
    "min_deg": 80.86975503014176,
    "max_deg": 170.894657132218,
    "mean_deg": 105.4433472448782,
    "p10_deg": 83.66319120102777,
    "p50_deg": 95.1698284115401,
    "p90_deg": 167.932883538495,
    "std_deg": 31.992034315788658
  },
  "angles_stats_by_type": {
    "BB": {
      "count": 1,
      "min_deg": 80.86975503014176,
      "max_deg": 80.86975503014176,
      "mean_deg": 80.86975503014176,
      "p10_deg": 80.86975503014176,
      "p50_deg": 80.86975503014176,
      "p90_deg": 80.86975503014176,
      "std_deg": 0.0
    },
    "BL": {
      "count": 8,
      "min_deg": 83.60272264658818,
      "max_deg": 170.894657132218,
      "mean_deg": 107.09775933959858,
      "p10_deg": 83.70854261685746,
      "p50_deg": 86.92424632509369,
      "p90_deg": 170.8024391159177,
      "std_deg": 36.88110248877081
    },
    "LL": {
      "count": 6,
      "min_deg": 95.1698284115401,
      "max_deg": 163.68783318283968,
      "mean_deg": 107.33306315437376,
      "p10_deg": 95.19665660905801,
      "p50_deg": 95.35368542185279,
      "p90_deg": 131.44884743221047,
      "std_deg": 25.243625934613796
    }
  },
  "angles_all_deg": [
    80.86975503014176,
    90.02678116643465,
    170.76291710893187,
    83.60272264658818,
    83.95456784301275,
    170.894657132218,
    89.89392480717461,
    83.89260997974154,
    83.75389403268716,
    99.20986168158124,
    95.34259615203186,
    95.1698284115401,
    95.36477469167373,
    95.22348480657593,
    163.68783318283968
  ],
  "points_xyz": [
    [
      0.2691118381411151,
      -0.46611804444162214,
      0.8428005619470291
    ],
    [
      0.8325224693717601,
      -0.4482918460304894,
      -0.3254854202168243
    ],
    [
      -0.8018156838069531,
      0.37675621124878295,
      0.4638387289636892
    ],
    [
      -0.13610825526146297,
      0.40088357432684874,
      -0.9059618660211977
    ],
    [
      0.6326690814876048,
      0.7051383403570114,
      0.3201714451480486
    ],
    [
      -0.428043314218726,
      -0.8758722087134788,
      -0.22277072329195644
    ]
  ]
}