{
  "tag": "MAP_N6_NB2_NL4_a1p2_s3",
  "N": 6,
  "types": [
    "B",
    "B",
    "L",
    "L",
    "L",
    "L"
  ],
  "alpha": 1.2,
  "energy": 17.29471228979468,
  "diag": {
    "restarts": 200,
    "iters": 8000,
    "seed": 3,
    "energy_best": 17.29471228979468,
    "energy_median": 17.294943765314272,
    "energy_min": 17.29471228979468,
    "energy_max": 374.80415391437583
  },
  "angles_stats_all": {
    "count": 15,
    "min_deg": 87.0407063965235,
    "max_deg": 177.00540368980293,
    "mean_deg": 107.26470351309268,
    "p10_deg": 88.24893015470094,
    "p50_deg": 91.50977045313692,
    "p90_deg": 176.296309970061,
    "std_deg": 34.62634073402575
  },
  "angles_stats_by_type": {
    "BB": {
      "count": 1,
      "min_deg": 87.0407063965235,
      "max_deg": 87.0407063965235,
      "mean_deg": 87.0407063965235,
      "p10_deg": 87.0407063965235,
      "p50_deg": 87.0407063965235,
      "p90_deg": 87.0407063965235,
      "std_deg": 0.0
    },
    "BL": {
      "count": 8,
      "min_deg": 88.20650462918697,
      "max_deg": 177.00540368980293,
      "mean_deg": 110.88238815310217,
      "p10_deg": 88.28074929883644,
      "p50_deg": 89.14115731556178,
      "p90_deg": 176.90513525038614,
      "std_deg": 38.140112264526735
    },
    "LL": {
      "count": 6,
      "min_deg": 91.50977045313692,
      "max_deg": 175.44753033205558,
      "mean_deg": 105.81179017917493,
      "p10_deg": 91.52552440706313,
      "p50_deg": 91.6027610843461,
      "p90_deg": 134.30708504611556,
      "std_deg": 31.147578401015398
    }
  },
  "angles_all_deg": [
    87.0407063965235,
    176.86216306206464,
    89.96503728035168,
    88.20650462918697,
    88.45486916813141,
    89.82744546299216,
    177.00540368980293,
    88.31256844297192,
    88.42511348931566,
    93.16663976017556,
    91.50977045313692,
    91.65479133243798,
    91.55073083625423,
    91.54127836098935,
    175.44753033205558
  ],
  "points_xyz": [
    [
      -0.16443246950340135,
      -0.5442829884731476,
      0.8226287081252103
    ],
    [
      -0.7469910556917763,
      -0.5113491505306433,
      -0.4248839947186469
    ],
    [
      0.12157648894048599,
      0.5193486029472574,
      -0.8458700762845532
    ],
    [
      0.7388730927393596,
      0.48410259802798233,
      0.46873364228347375
    ],
    [
      -0.6779593006571262,
      0.654152907080269,
      0.3353433476467565
    ],
    [
      0.6285639905296059,
      -0.7121102832455064,
      -0.31273991479423024
    ]
  ]
}