{
  "tag": "MAP_N6_NB2_NL4_a1p25_s1",
  "N": 6,
  "types": [
    "B",
    "B",
    "L",
    "L",
    "L",
    "L"
  ],
  "alpha": 1.25,
  "energy": 18.303972198687575,
  "diag": {
    "restarts": 200,
    "iters": 8000,
    "seed": 1,
    "energy_best": 18.303972198687575,
    "energy_median": 18.30417426387328,
    "energy_min": 18.303972198687575,
    "energy_max": 337.6919778520833
  },
  "angles_stats_all": {
    "count": 15,
    "min_deg": 86.22232560466205,
    "max_deg": 176.49740529270568,
    "mean_deg": 107.10440978209996,
    "p10_deg": 87.9147588944238,
    "p50_deg": 91.80798762569945,
    "p90_deg": 175.4607607024687,
    "std_deg": 34.3519726527747
  },
  "angles_stats_by_type": {
    "BB": {
      "count": 1,
      "min_deg": 86.22232560466205,
      "max_deg": 86.22232560466205,
      "mean_deg": 86.22232560466205,
      "p10_deg": 86.22232560466205,
      "p50_deg": 86.22232560466205,
      "p90_deg": 86.22232560466205,
      "std_deg": 0.0
    },
    "BL": {
      "count": 8,
      "min_deg": 87.8855637645033,
      "max_deg": 176.49740529270568,
      "mean_deg": 110.58993514992497,
      "p10_deg": 87.93665524186417,
      "p50_deg": 88.98170670618468,
      "p90_deg": 176.25900775289693,
      "std_deg": 37.96368725701394
    },
    "LL": {
      "count": 6,
      "min_deg": 91.80798762569945,
      "max_deg": 174.41664568813198,
      "mean_deg": 105.93738998790627,
      "p10_deg": 91.82171309692376,
      "p50_deg": 92.00057809260241,
      "p90_deg": 133.98987877419265,
      "std_deg": 30.630904405942594
    }
  },
  "angles_all_deg": [
    86.22232560466205,
    87.8855637645033,
    90.2761560258458,
    87.98155373597785,
    176.15683737869318,
    88.02475702116284,
    176.49740529270568,
    87.95855158930455,
    89.93865639120652,
    91.936893910765,
    174.41664568813198,
    91.80798762569945,
    91.83543856814806,
    93.56311186025331,
    92.06426227443981
  ],
  "points_xyz": [
    [
      0.09030046577469632,
      0.2681470376010002,
      -0.9591365867834887
    ],
    [
      -0.977456088719492,
      0.17997537878853564,
      -0.11040134806747481
    ],
    [
      -0.17146790965280842,
      -0.93329402577587,
      -0.3155329101858728
    ],
    [
      0.9853164794296978,
      -0.16251220232027333,
      0.05235665632257897
    ],
    [
      0.11344821291103639,
      0.9633011092032058,
      0.2432703763205985
    ],
    [
      -0.15652947358520192,
      -0.25961261780167927,
      0.9529427121172074
    ]
  ]
}