{
  "tag": "MAP_N6_NB2_NL4_a1p3_s3",
  "N": 6,
  "types": [
    "B",
    "B",
    "L",
    "L",
    "L",
    "L"
  ],
  "alpha": 1.3,
  "energy": 19.337328975397167,
  "diag": {
    "restarts": 200,
    "iters": 8000,
    "seed": 3,
    "energy_best": 19.337328975397167,
    "energy_median": 19.337580089709444,
    "energy_min": 19.337328975397167,
    "energy_max": 272.51812397064384
  },
  "angles_stats_all": {
    "count": 15,
    "min_deg": 85.7814205432524,
    "max_deg": 175.68678639713622,
    "mean_deg": 106.93594925928512,
    "p10_deg": 87.50368759662969,
    "p50_deg": 92.12289494105003,
    "p90_deg": 174.75583724374985,
    "std_deg": 34.072172338388576
  },
  "angles_stats_by_type": {
    "BB": {
      "count": 1,
      "min_deg": 85.7814205432524,
      "max_deg": 85.7814205432524,
      "mean_deg": 85.7814205432524,
      "p10_deg": 85.7814205432524,
      "p50_deg": 85.7814205432524,
      "p90_deg": 85.7814205432524,
      "std_deg": 0.0
    },
    "BL": {
      "count": 8,
      "min_deg": 87.50226946690002,
      "max_deg": 175.68678639713622,
      "mean_deg": 110.18344997395779,
      "p10_deg": 87.50475119392695,
      "p50_deg": 88.81658458704382,
      "p90_deg": 175.67041152480473,
      "std_deg": 37.823460737210254
    },
    "LL": {
      "count": 6,
      "min_deg": 92.12289494105003,
      "max_deg": 173.3945025258092,
      "mean_deg": 106.13170309239376,
      "p10_deg": 92.15644709433357,
      "p50_deg": 92.32623202896951,
      "p90_deg": 133.9124301538782,
      "std_deg": 30.091569741443323
    }
  },
  "angles_all_deg": [
    85.7814205432524,
    87.75082070922818,
    87.5703594027977,
    89.90580683713952,
    175.66339372237695,
    87.50226946690002,
    87.50581479122421,
    175.68678639713622,
    89.88234846485948,
    173.3945025258092,
    92.3964917186957,
    92.12289494105003,
    92.25597233924333,
    92.18999924761712,
    94.43035778194722
  ],
  "points_xyz": [
    [
      0.9601786666177909,
      -0.242576064091956,
      -0.1386137846743116
    ],
    [
      -0.03994491405812833,
      0.10636008855849372,
      -0.9935250049207207
    ],
    [
      0.28919036245476737,
      0.9561237224108894,
      0.04686535721004077
    ],
    [
      -0.2197891042058776,
      -0.9656880518919246,
      -0.13834498944868623
    ],
    [
      0.1121796006440503,
      -0.12597691529390154,
      0.985670104047178
    ],
    [
      -0.966068642060167,
      0.25033925374034716,
      0.06357386935487605
    ]
  ]
}