{
  "tag": "MAP_N6_NB2_NL4_a1p6_s1",
  "N": 6,
  "types": [
    "B",
    "B",
    "L",
    "L",
    "L",
    "L"
  ],
  "alpha": 1.6,
  "energy": 26.041145050255693,
  "diag": {
    "restarts": 200,
    "iters": 8000,
    "seed": 1,
    "energy_best": 26.041145050255693,
    "energy_median": 26.04146195773191,
    "energy_min": 26.041145050255693,
    "energy_max": 325.43408480205835
  },
  "angles_stats_all": {
    "count": 15,
    "min_deg": 82.83500558766937,
    "max_deg": 172.88520299620424,
    "mean_deg": 106.09846713046713,
    "p10_deg": 85.43229430063938,
    "p50_deg": 93.78733030200205,
    "p90_deg": 170.8117147647313,
    "std_deg": 32.817235351429275
  },
  "angles_stats_by_type": {
    "BB": {
      "count": 1,
      "min_deg": 82.83500558766937,
      "max_deg": 82.83500558766937,
      "mean_deg": 82.83500558766937,
      "p10_deg": 82.83500558766937,
      "p50_deg": 82.83500558766937,
      "p90_deg": 82.83500558766937,
      "std_deg": 0.0
    },
    "BL": {
      "count": 8,
      "min_deg": 85.36343201272011,
      "max_deg": 172.88520299620424,
      "mean_deg": 108.43903270406315,
      "p10_deg": 85.48394101657885,
      "p50_deg": 87.75068440016082,
      "p90_deg": 172.6975501091709,
      "std_deg": 37.1737370374372
    },
    "LL": {
      "count": 6,
      "min_deg": 93.78733030200205,
      "max_deg": 168.10359574687905,
      "mean_deg": 106.85495662280532,
      "p10_deg": 93.82667745897083,
      "p50_deg": 94.02048167359087,
      "p90_deg": 132.71771073585424,
      "std_deg": 27.41964612079719
    }
  },
  "angles_all_deg": [
    82.83500558766937,
    172.88520299620424,
    85.71924476099711,
    85.55850068236442,
    89.78212403932454,
    90.051041965077,
    85.53558773251831,
    85.36343201272011,
    172.61712744329947,
    93.86602461593964,
    93.78733030200205,
    97.33182572482943,
    168.10359574687905,
    93.93851550882177,
    94.10244783835998
  ],
  "points_xyz": [
    [
      0.29722716903914637,
      -0.7708180068288252,
      -0.5634674882665477
    ],
    [
      0.4821976883936162,
      -0.5011472146908549,
      0.718565834503319
    ],
    [
      -0.2377621981439802,
      0.7152691521259564,
      0.6571599327034157
    ],
    [
      -0.7853030142205781,
      -0.5722938761857154,
      0.23617555998960466
    ],
    [
      0.8933367514811018,
      0.39739135550026145,
      -0.2098322163702633
    ],
    [
      -0.44757896529151914,
      0.4052101932960891,
      -0.7971685951400237
    ]
  ]
}