{
  "tag": "MAP_N6_NB2_NL4_a2p15_s5",
  "N": 6,
  "types": [
    "B",
    "B",
    "L",
    "L",
    "L",
    "L"
  ],
  "alpha": 2.15,
  "energy": 40.55108453696298,
  "diag": {
    "restarts": 200,
    "iters": 8000,
    "seed": 5,
    "energy_best": 40.55108453696298,
    "energy_median": 40.551640631237845,
    "energy_min": 40.55108453696298,
    "energy_max": 558.9812677158941
  },
  "angles_stats_all": {
    "count": 15,
    "min_deg": 80.09876330065839,
    "max_deg": 169.9983905851778,
    "mean_deg": 105.00219525329611,
    "p10_deg": 82.28359572993024,
    "p50_deg": 96.25631147785374,
    "p90_deg": 165.97350662922005,
    "std_deg": 31.5334949274314
  },
  "angles_stats_by_type": {
    "BB": {
      "count": 1,
      "min_deg": 80.09876330065839,
      "max_deg": 80.09876330065839,
      "mean_deg": 80.09876330065839,
      "p10_deg": 80.09876330065839,
      "p50_deg": 80.09876330065839,
      "p90_deg": 80.09876330065839,
      "std_deg": 0.0
    },
    "BL": {
      "count": 8,
      "min_deg": 82.21345674660202,
      "max_deg": 169.9983905851778,
      "mean_deg": 106.14697228929194,
      "p10_deg": 82.3361999674264,
      "p50_deg": 86.19293978089358,
      "p90_deg": 169.92629808524038,
      "std_deg": 36.96051596046794
    },
    "LL": {
      "count": 6,
      "min_deg": 96.25631147785374,
      "max_deg": 160.09066462372076,
      "mean_deg": 107.62639786407458,
      "p10_deg": 96.30712212015942,
      "p50_deg": 96.4253762131622,
      "p90_deg": 130.14669525890213,
      "std_deg": 23.50460217273694
    }
  },
  "angles_all_deg": [
    80.09876330065839,
    89.79762163879548,
    82.58825792299169,
    82.21345674660202,
    169.9983905851778,
    169.89540129955293,
    82.3925822637014,
    82.38880420492256,
    89.90126365259164,
    96.25631147785374,
    96.47439366772244,
    100.20272589408347,
    160.09066462372076,
    96.35793276246511,
    96.37635875860194
  ],
  "points_xyz": [
    [
      -0.2274534276478069,
      -0.7961094968839292,
      0.5607803555960934
    ],
    [
      -0.752302538267781,
      0.3786937934483236,
      0.5391028674748192
    ],
    [
      0.721554458629933,
      -0.526938853195252,
      -0.449104228686991
    ],
    [
      -0.7520169189706345,
      -0.3434659651860299,
      -0.5625848241294313
    ],
    [
      0.5301609693598762,
      0.24922475262253538,
      0.8104420825991407
    ],
    [
      0.1003473863691123,
      0.8758582733570487,
      -0.47201979517907655
    ]
  ]
}