{
  "tag": "MAP_N6_NB2_NL4_a2_s4",
  "N": 6,
  "types": [
    "B",
    "B",
    "L",
    "L",
    "L",
    "L"
  ],
  "alpha": 2.0,
  "energy": 36.31092411583185,
  "diag": {
    "restarts": 200,
    "iters": 8000,
    "seed": 4,
    "energy_best": 36.31092411583185,
    "energy_median": 36.31137685340508,
    "energy_min": 36.31092411583185,
    "energy_max": 715.1017171674205
  },
  "angles_stats_all": {
    "count": 15,
    "min_deg": 80.51386331104972,
    "max_deg": 170.29539825874193,
    "mean_deg": 105.23841147670011,
    "p10_deg": 83.13076477104117,
    "p50_deg": 95.6241635762938,
    "p90_deg": 167.07321302368774,
    "std_deg": 31.761752656367726
  },
  "angles_stats_by_type": {
    "BB": {
      "count": 1,
      "min_deg": 80.51386331104972,
      "max_deg": 80.51386331104972,
      "mean_deg": 80.51386331104972,
      "p10_deg": 80.51386331104972,
      "p50_deg": 80.51386331104972,
      "p90_deg": 80.51386331104972,
      "std_deg": 0.0
    },
    "BL": {
      "count": 8,
      "min_deg": 83.05911546348965,
      "max_deg": 170.29539825874193,
      "mean_deg": 106.63724569856356,
      "p10_deg": 83.18450175170483,
      "p50_deg": 86.57045022437725,
      "p90_deg": 170.28357188027832,
      "std_deg": 36.844817413183065
    },
    "LL": {
      "count": 6,
      "min_deg": 95.6241635762938,
      "max_deg": 162.26527741067136,
      "mean_deg": 107.49405720849056,
      "p10_deg": 95.63849129015453,
      "p50_deg": 95.74145770793561,
      "p90_deg": 131.10222262738154,
      "std_deg": 24.5435823585181
    }
  },
  "angles_all_deg": [
    80.51386331104972,
    83.30379729132966,
    170.27850343236534,
    83.23823873236847,
    89.7820119614589,
    83.05911546348965,
    89.76509072637279,
    83.37580972238172,
    170.29539825874193,
    95.6904327316917,
    162.26527741067136,
    95.79248268417953,
    95.6241635762938,
    99.93916784409171,
    95.65281900401527
  ],
  "points_xyz": [
    [
      -0.4983699388474666,
      -0.5178751145818812,
      0.6952932976449405
    ],
    [
      0.6300235033388691,
      0.1079623347233432,
      0.7690347973412535
    ],
    [
      -0.45776282231771465,
      0.782366400130144,
      0.4223221690263486
    ],
    [
      0.613917030604677,
      0.5421657356367021,
      -0.5737265852608276
    ],
    [
      0.48582365640227615,
      -0.8648409568372325,
      -0.12659184119359035
    ],
    [
      -0.7247321419014653,
      -0.1965568192666728,
      -0.6604004385936482
    ]
  ]
}