{
  "tag": "MAP_N6_NB2_NL4_a2p2_s2",
  "N": 6,
  "types": [
    "B",
    "B",
    "L",
    "L",
    "L",
    "L"
  ],
  "alpha": 2.2,
  "energy": 42.011355731966994,
  "diag": {
    "restarts": 200,
    "iters": 8000,
    "seed": 2,
    "energy_best": 42.011355731966994,
    "energy_median": 42.01190177715495,
    "energy_min": 42.011355731966994,
    "energy_max": 1321.3153207058476
  },
  "angles_stats_all": {
    "count": 15,
    "min_deg": 79.71273536862255,
    "max_deg": 169.720150941398,
    "mean_deg": 104.89118928713543,
    "p10_deg": 82.03110903019571,
    "p50_deg": 96.43243487051653,
    "p90_deg": 165.462098748346,
    "std_deg": 31.4154602763267
  },
  "angles_stats_by_type": {
    "BB": {
      "count": 1,
      "min_deg": 79.71273536862255,
      "max_deg": 79.71273536862255,
      "mean_deg": 79.71273536862255,
      "p10_deg": 79.71273536862255,
      "p50_deg": 79.71273536862255,
      "p90_deg": 79.71273536862255,
      "std_deg": 0.0
    },
    "BL": {
      "count": 8,
      "min_deg": 81.99358868489566,
      "max_deg": 169.720150941398,
      "mean_deg": 105.93553036058219,
      "p10_deg": 82.05924928917074,
      "p50_deg": 86.02987291722255,
      "p90_deg": 169.52689683003112,
      "std_deg": 36.88167603985442
    },
    "LL": {
      "count": 6,
      "min_deg": 96.43243487051653,
      "max_deg": 159.489136411697,
      "mean_deg": 107.69514350895854,
      "p10_deg": 96.47762116890564,
      "p50_deg": 96.58934324007186,
      "p90_deg": 130.01846611789813,
      "std_deg": 23.209374046977533
    }
  },
  "angles_all_deg": [
    79.71273536862255,
    169.44407363944532,
    90.0078381007681,
    82.17145613555962,
    81.99358868489566,
    89.73175997763214,
    169.720150941398,
    82.08738954814578,
    82.32798585681297,
    100.54779582409924,
    96.57084390498191,
    96.6078425751618,
    96.52280746729474,
    96.43243487051653,
    159.489136411697
  ],
  "points_xyz": [
    [
      -0.9109912738568118,
      0.06093528914846942,
      0.4078992393877877
    ],
    [
      0.23178151413255374,
      0.36792783698319803,
      0.9005034350180381
    ],
    [
      0.9691769338873634,
      0.005031600894755239,
      -0.24631433943870418
    ],
    [
      -0.4009474283261107,
      -0.36136622163783955,
      -0.8418168527523491
    ],
    [
      -0.17311270559759087,
      0.9650274217880072,
      -0.19686052513867178
    ],
    [
      0.012595705230731651,
      -0.86648726213481,
      0.49904025165096816
    ]
  ]
}