{
  "tag": "MAP_N6_NB2_NL4_a2_s3",
  "N": 6,
  "types": [
    "B",
    "B",
    "L",
    "L",
    "L",
    "L"
  ],
  "alpha": 2.0,
  "energy": 36.31096784700622,
  "diag": {
    "restarts": 200,
    "iters": 8000,
    "seed": 3,
    "energy_best": 36.31096784700622,
    "energy_median": 36.311437333254865,
    "energy_min": 36.31096784700622,
    "energy_max": 527.9037949510888
  },
  "angles_stats_all": {
    "count": 15,
    "min_deg": 80.66470199304084,
    "max_deg": 170.53121098652346,
    "mean_deg": 105.24375426231336,
    "p10_deg": 83.05690584308554,
    "p50_deg": 95.56493412171076,
    "p90_deg": 167.02184182672744,
    "std_deg": 31.777708042794025
  },
  "angles_stats_by_type": {
    "BB": {
      "count": 1,
      "min_deg": 80.66470199304084,
      "max_deg": 80.66470199304084,
      "mean_deg": 80.66470199304084,
      "p10_deg": 80.66470199304084,
      "p50_deg": 80.66470199304084,
      "p90_deg": 80.66470199304084,
      "std_deg": 0.0
    },
    "BL": {
      "count": 8,
      "min_deg": 83.02462364109267,
      "max_deg": 170.53121098652346,
      "mean_deg": 106.6360530936165,
      "p10_deg": 83.0811174945802,
      "p50_deg": 86.49292575921085,
      "p90_deg": 170.41043656750026,
      "std_deg": 36.939327362381434
    },
    "LL": {
      "count": 6,
      "min_deg": 95.56493412171076,
      "max_deg": 162.0165904135117,
      "mean_deg": 107.48386453212119,
      "p10_deg": 95.6162870342418,
      "p50_deg": 95.94170822132669,
      "p90_deg": 130.89359834079514,
      "std_deg": 24.431821244871685
    }
  },
  "angles_all_deg": [
    80.66470199304084,
    89.86783743086484,
    83.10532914607485,
    83.02462364109267,
    170.35867610220458,
    170.53121098652346,
    83.2148959237499,
    83.28839966069971,
    89.69745185772199,
    95.56493412171076,
    95.7934166837101,
    99.77060626807857,
    162.0165904135117,
    96.08999975894328,
    95.66763994677282
  ],
  "points_xyz": [
    [
      0.7079145065532624,
      0.6431489842903084,
      0.2919185424357205
    ],
    [
      -0.3701713365061477,
      0.8398582065245745,
      -0.3970029906217049
    ],
    [
      0.4945529743569374,
      -0.7444030474371688,
      0.4486440220497344
    ],
    [
      0.5368221207903718,
      -0.021408134987170386,
      -0.8434237976168911
    ],
    [
      -0.46341321191011425,
      0.324660683093454,
      0.8245263099989251
    ],
    [
      -0.7825059989609452,
      -0.5084748590816366,
      -0.35935731420418177
    ]
  ]
}