{
  "tag": "MAP_N6_NB2_NL4_a2p2_s4",
  "N": 6,
  "types": [
    "B",
    "B",
    "L",
    "L",
    "L",
    "L"
  ],
  "alpha": 2.2,
  "energy": 42.01131971867977,
  "diag": {
    "restarts": 200,
    "iters": 8000,
    "seed": 4,
    "energy_best": 42.01131971867977,
    "energy_median": 42.01195303985679,
    "energy_min": 42.01131971867977,
    "energy_max": 798.7249787493988
  },
  "angles_stats_all": {
    "count": 15,
    "min_deg": 79.94669136279607,
    "max_deg": 169.83171183395956,
    "mean_deg": 104.91047458513896,
    "p10_deg": 82.08043698858555,
    "p50_deg": 96.40273778217124,
    "p90_deg": 165.5242249557214,
    "std_deg": 31.43748645254654
  },
  "angles_stats_by_type": {
    "BB": {
      "count": 1,
      "min_deg": 79.94669136279607,
      "max_deg": 79.94669136279607,
      "mean_deg": 79.94669136279607,
      "p10_deg": 79.94669136279607,
      "p50_deg": 79.94669136279607,
      "p90_deg": 79.94669136279607,
      "std_deg": 0.0
    },
    "BL": {
      "count": 8,
      "min_deg": 82.00643397517082,
      "max_deg": 169.83171183395956,
      "mean_deg": 105.93908020982846,
      "p10_deg": 82.1359392486466,
      "p50_deg": 85.92912946565886,
      "p90_deg": 169.60377490153368,
      "std_deg": 36.92326468752827
    },
    "LL": {
      "count": 6,
      "min_deg": 96.40273778217124,
      "max_deg": 159.5514309221339,
      "mean_deg": 107.69963095594345,
      "p10_deg": 96.43960460439028,
      "p50_deg": 96.5801066298972,
      "p90_deg": 130.07918163354287,
      "std_deg": 23.2371198973484
    }
  },
  "angles_all_deg": [
    79.94669136279607,
    89.56114307612634,
    169.83171183395956,
    82.23321017442116,
    82.19144150870764,
    169.50608764477974,
    89.8854976102711,
    82.29711585519138,
    82.00643397517082,
    100.60693234495182,
    96.57100314965628,
    96.47647142660932,
    96.40273778217124,
    96.58921011013813,
    159.5514309221339
  ],
  "points_xyz": [
    [
      -0.003353488018056978,
      -0.09990463246112129,
      -0.9949913660584804
    ],
    [
      0.9370415179228986,
      -0.3168711866279643,
      -0.14678502911992083
    ],
    [
      -0.9512150702635541,
      0.3065062616191186,
      -0.03526757280809318
    ],
    [
      0.17087502150992645,
      0.04301501272518881,
      0.9843533083726766
    ],
    [
      -0.19420387413857032,
      -0.9802729264040617,
      -0.036740237190133404
    ],
    [
      0.41144869752798674,
      0.8828211790650375,
      -0.22657611325278743
    ]
  ]
}