{
  "tag": "MAP_N6_NB2_NL4_a2_s5",
  "N": 6,
  "types": [
    "B",
    "B",
    "L",
    "L",
    "L",
    "L"
  ],
  "alpha": 2.0,
  "energy": 36.310888933174326,
  "diag": {
    "restarts": 200,
    "iters": 8000,
    "seed": 5,
    "energy_best": 36.310888933174326,
    "energy_median": 36.311386963732275,
    "energy_min": 36.310888933174326,
    "energy_max": 546.9612904640368
  },
  "angles_stats_all": {
    "count": 15,
    "min_deg": 80.41189587763789,
    "max_deg": 170.36298405419979,
    "mean_deg": 105.237165932405,
    "p10_deg": 83.15132726889583,
    "p50_deg": 95.55732806659046,
    "p90_deg": 167.03361481283545,
    "std_deg": 31.762160717531707
  },
  "angles_stats_by_type": {
    "BB": {
      "count": 1,
      "min_deg": 80.41189587763789,
      "max_deg": 80.41189587763789,
      "mean_deg": 80.41189587763789,
      "p10_deg": 80.41189587763789,
      "p50_deg": 80.41189587763789,
      "p90_deg": 80.41189587763789,
      "std_deg": 0.0
    },
    "BL": {
      "count": 8,
      "min_deg": 83.11814599134772,
      "max_deg": 170.36298405419979,
      "mean_deg": 106.65923754709056,
      "p10_deg": 83.17621322705692,
      "p50_deg": 86.5832757769756,
      "p90_deg": 170.2851422104576,
      "std_deg": 36.848340960506576
    },
    "LL": {
      "count": 6,
      "min_deg": 95.55732806659046,
      "max_deg": 162.20636490166513,
      "mean_deg": 107.47861545528549,
      "p10_deg": 95.65553745198983,
      "p50_deg": 95.77862883503039,
      "p90_deg": 131.00168007883627,
      "std_deg": 24.52041339669373
    }
  },
  "angles_all_deg": [
    80.41189587763789,
    83.11814599134772,
    170.25178142028236,
    89.95116595687972,
    83.201099185218,
    83.32663023702733,
    89.83992131692385,
    170.36298405419979,
    83.22217221484561,
    95.80291440477787,
    95.55732806659046,
    162.20636490166513,
    99.79699525600743,
    95.75374683738919,
    95.75434326528291
  ],
  "points_xyz": [
    [
      0.7391105974280286,
      -0.6711798775575304,
      0.05686032651542645
    ],
    [
      -0.17759789982455265,
      -0.5147923911947216,
      -0.8387179382521448
    ],
    [
      0.6521682695829932,
      0.49069737710978695,
      -0.5778344332477078
    ],
    [
      -0.7797972327918237,
      0.592573708094563,
      -0.20192245096886596
    ],
    [
      0.30600487257941306,
      0.4085549318033009,
      0.8599092310568932
    ],
    [
      -0.5362586861681933,
      -0.7311974876367946,
      0.42163592776565256
    ]
  ]
}