{
  "tag": "MAP_N6_NB2_NL4_a1p8_s2",
  "N": 6,
  "types": [
    "B",
    "B",
    "L",
    "L",
    "L",
    "L"
  ],
  "alpha": 1.8,
  "energy": 30.98686965357787,
  "diag": {
    "restarts": 200,
    "iters": 8000,
    "seed": 2,
    "energy_best": 30.98686965357787,
    "energy_median": 30.98725539512848,
    "energy_min": 30.98686965357787,
    "energy_max": 638.9569739748047
  },
  "angles_stats_all": {
    "count": 15,
    "min_deg": 81.77190767391606,
    "max_deg": 171.76462149367254,
    "mean_deg": 105.67079914642231,
    "p10_deg": 84.16729316280447,
    "p50_deg": 94.81600371356453,
    "p90_deg": 168.90435457907964,
    "std_deg": 32.27854670279787
  },
  "angles_stats_by_type": {
    "BB": {
      "count": 1,
      "min_deg": 81.77190767391606,
      "max_deg": 81.77190767391606,
      "mean_deg": 81.77190767391606,
      "p10_deg": 81.77190767391606,
      "p50_deg": 81.77190767391606,
      "p90_deg": 81.77190767391606,
      "std_deg": 0.0
    },
    "BL": {
      "count": 8,
      "min_deg": 84.14929368615115,
      "max_deg": 171.76462149367254,
      "mean_deg": 107.53790260685574,
      "p10_deg": 84.18079277029445,
      "p50_deg": 87.15876308578689,
      "p90_deg": 171.70901223192618,
      "std_deg": 37.1318602902688
    },
    "LL": {
      "count": 6,
      "min_deg": 94.81600371356453,
      "max_deg": 164.73311691093244,
      "mean_deg": 107.16447644459544,
      "p10_deg": 94.91185464084634,
      "p50_deg": 95.05400725243373,
      "p90_deg": 131.52756744050626,
      "std_deg": 25.77445835915027
    }
  },
  "angles_all_deg": [
    81.77190767391606,
    84.14929368615115,
    171.68517969117775,
    84.19429237778444,
    89.99272069561668,
    84.40416731089128,
    89.9133588606825,
    84.19958673886967,
    171.76462149367254,
    95.05369985024119,
    164.73311691093244,
    94.81600371356453,
    95.05431465462627,
    98.32201797008007,
    95.00770556812817
  ],
  "points_xyz": [
    [
      -0.27740523446239584,
      0.8523983508508574,
      -0.44324190614110703
    ],
    [
      0.0326251482878264,
      0.5957948795560825,
      0.8024737137090228
    ],
    [
      -0.9717484922992686,
      -0.08147458947152719,
      0.2215101780608384
    ],
    [
      0.2844195643079931,
      -0.7743484552040137,
      0.5652344481381235
    ],
    [
      0.9276960652401276,
      0.33653284584505083,
      -0.1616343224857156
    ],
    [
      -0.07293472734967496,
      -0.47858504602002044,
      -0.8750067881293513
    ]
  ]
}