{
  "tag": "MAP_N6_NB2_NL4_a1p75_s3",
  "N": 6,
  "types": [
    "B",
    "B",
    "L",
    "L",
    "L",
    "L"
  ],
  "alpha": 1.75,
  "energy": 29.714855455067124,
  "diag": {
    "restarts": 200,
    "iters": 8000,
    "seed": 3,
    "energy_best": 29.714855455067124,
    "energy_median": 29.715257880516372,
    "energy_min": 29.714855455067124,
    "energy_max": 372.4639643891427
  },
  "angles_stats_all": {
    "count": 15,
    "min_deg": 81.98795045969926,
    "max_deg": 171.91479014216173,
    "mean_deg": 105.75944439876656,
    "p10_deg": 84.43795291705439,
    "p50_deg": 94.60864404261949,
    "p90_deg": 169.31941638502886,
    "std_deg": 32.38195685496286
  },
  "angles_stats_by_type": {
    "BB": {
      "count": 1,
      "min_deg": 81.98795045969926,
      "max_deg": 81.98795045969926,
      "mean_deg": 81.98795045969926,
      "p10_deg": 81.98795045969926,
      "p50_deg": 81.98795045969926,
      "p90_deg": 81.98795045969926,
      "std_deg": 0.0
    },
    "BL": {
      "count": 8,
      "min_deg": 84.35892152431404,
      "max_deg": 171.91479014216173,
      "mean_deg": 107.71628661278054,
      "p10_deg": 84.49722646160966,
      "p50_deg": 87.24661653611952,
      "p90_deg": 171.8603829102925,
      "std_deg": 37.10672018477678
    },
    "LL": {
      "count": 6,
      "min_deg": 94.60864404261949,
      "max_deg": 165.54294267476362,
      "mean_deg": 107.11223710325915,
      "p10_deg": 94.63260111918112,
      "p50_deg": 94.81462312021782,
      "p90_deg": 131.8894870703785,
      "std_deg": 26.1626305350211
    }
  },
  "angles_all_deg": [
    81.98795045969926,
    84.64405690943389,
    84.35892152431404,
    89.84917616280516,
    171.91479014216173,
    84.64293627985376,
    84.55650000616491,
    171.83706552520567,
    89.92684635230509,
    165.54294267476362,
    94.60864404261949,
    94.65655819574273,
    94.71807482084033,
    94.9111714195953,
    98.23603146599338
  ],
  "points_xyz": [
    [
      -0.798960688357721,
      -0.3957877214527755,
      0.45278460442706836
    ],
    [
      0.40632368057632834,
      -0.139294844663983,
      0.9030492859489689
    ],
    [
      0.2628083202491524,
      -0.9512206218975926,
      -0.16158934149434495
    ],
    [
      -0.330487728325218,
      0.8610156773856181,
      0.386561592404913
    ],
    [
      -0.5247238365917948,
      0.08341089048117777,
      -0.8471762028418436
    ],
    [
      0.8644926194112219,
      0.380070805765683,
      -0.32893569825749963
    ]
  ]
}