{
  "tag": "MAP_N6_NB2_NL4_a1p75_s2",
  "N": 6,
  "types": [
    "B",
    "B",
    "L",
    "L",
    "L",
    "L"
  ],
  "alpha": 1.75,
  "energy": 29.714874230144552,
  "diag": {
    "restarts": 200,
    "iters": 8000,
    "seed": 2,
    "energy_best": 29.714874230144552,
    "energy_median": 29.71522734411827,
    "energy_min": 29.714874230144552,
    "energy_max": 823.2049182877996
  },
  "angles_stats_all": {
    "count": 15,
    "min_deg": 82.17330968980218,
    "max_deg": 171.9550438459207,
    "mean_deg": 105.75973408607219,
    "p10_deg": 84.4953975475507,
    "p50_deg": 94.62484145234653,
    "p90_deg": 169.2973776395622,
    "std_deg": 32.382187426140895
  },
  "angles_stats_by_type": {
    "BB": {
      "count": 1,
      "min_deg": 82.17330968980218,
      "max_deg": 82.17330968980218,
      "mean_deg": 82.17330968980218,
      "p10_deg": 82.17330968980218,
      "p50_deg": 82.17330968980218,
      "p90_deg": 82.17330968980218,
      "std_deg": 0.0
    },
    "BL": {
      "count": 8,
      "min_deg": 84.44324885409446,
      "max_deg": 171.9550438459207,
      "mean_deg": 107.67490914740713,
      "p10_deg": 84.53450906764287,
      "p50_deg": 87.12224844354725,
      "p90_deg": 171.84174360724555,
      "std_deg": 37.124833962145374
    },
    "LL": {
      "count": 6,
      "min_deg": 94.62484145234653,
      "max_deg": 165.55366455575694,
      "mean_deg": 107.13723807033722,
      "p10_deg": 94.66946461381477,
      "p50_deg": 94.75317925562678,
      "p90_deg": 131.9890703415701,
      "std_deg": 26.159819318009525
    }
  },
  "angles_all_deg": [
    82.17330968980218,
    84.60744827966043,
    84.44324885409446,
    89.78222836265292,
    171.79318636209905,
    84.57362058773505,
    84.62443837985703,
    171.9550438459207,
    89.62005850723747,
    165.55366455575694,
    94.62484145234653,
    94.71408777528299,
    94.72849451775134,
    94.77786399350221,
    98.42447612738329
  ],
  "points_xyz": [
    [
      -0.02377015842870508,
      -0.85204679360716,
      -0.5229256553966655
    ],
    [
      -0.5152383817257338,
      -0.549237886364061,
      0.657926404834907
    ],
    [
      -0.8939368550013792,
      0.16932447950460597,
      -0.41497725228105875
    ],
    [
      0.8046067934182484,
      -0.4034788927070043,
      0.4356749833593086
    ],
    [
      0.5153852141618105,
      0.43448916206907334,
      -0.738645550360861
    ],
    [
      -0.04942694941793585,
      0.7806268719790965,
      0.6230398570038421
    ]
  ]
}