{
  "tag": "MAP_N6_NB2_NL4_a1p1_s4",
  "N": 6,
  "types": [
    "B",
    "B",
    "L",
    "L",
    "L",
    "L"
  ],
  "alpha": 1.1,
  "energy": 15.348777897022378,
  "diag": {
    "restarts": 200,
    "iters": 8000,
    "seed": 4,
    "energy_best": 15.348777897022378,
    "energy_median": 15.34899049431288,
    "energy_min": 15.348777897022378,
    "energy_max": 231.01870147692108
  },
  "angles_stats_all": {
    "count": 15,
    "min_deg": 88.41206642934961,
    "max_deg": 178.4291217824635,
    "mean_deg": 107.62042211806555,
    "p10_deg": 89.03930706767969,
    "p50_deg": 90.80860942080778,
    "p90_deg": 178.05821530377426,
    "std_deg": 35.26723139163508
  },
  "angles_stats_by_type": {
    "BB": {
      "count": 1,
      "min_deg": 88.41206642934961,
      "max_deg": 88.41206642934961,
      "mean_deg": 88.41206642934961,
      "p10_deg": 88.41206642934961,
      "p50_deg": 88.41206642934961,
      "p90_deg": 88.41206642934961,
      "std_deg": 0.0
    },
    "BL": {
      "count": 8,
      "min_deg": 88.98380268874965,
      "max_deg": 178.4291217824635,
      "mean_deg": 111.66617759720734,
      "p10_deg": 89.08093535187722,
      "p50_deg": 89.62594969576925,
      "p90_deg": 178.37223670483974,
      "std_deg": 38.52373802303914
    },
    "LL": {
      "count": 6,
      "min_deg": 90.80860942080778,
      "max_deg": 177.62375218064847,
      "mean_deg": 105.42747409399583,
      "p10_deg": 90.81630615815885,
      "p50_deg": 90.83984068535577,
      "p90_deg": 134.62627543847285,
      "std_deg": 32.28848315490382
    }
  },
  "angles_all_deg": [
    88.41206642934961,
    89.12256363607474,
    89.94190361750674,
    178.4291217824635,
    89.17699817823387,
    88.98380268874965,
    178.3478573858581,
    90.0171777147403,
    89.30999577403176,
    90.84938172772176,
    90.83029964298979,
    177.62375218064847,
    91.62879869629724,
    90.80860942080778,
    90.8240028955099
  ],
  "points_xyz": [
    [
      -0.2938125780241432,
      -0.8630262062025613,
      0.4109257066702213
    ],
    [
      0.417012847351588,
      0.24294333931569012,
      0.8758303597306173
    ],
    [
      -0.8529301258613248,
      0.420148426123225,
      0.3098152682234391
    ],
    [
      -0.4277360749029958,
      -0.2667725085418802,
      -0.8636401327595025
    ],
    [
      0.3050677629499817,
      0.8701664238775726,
      -0.38696776967185575
    ],
    [
      0.8566128776269111,
      -0.4380689539219944,
      -0.27259855005746475
    ]
  ]
}