{
  "tag": "MAP_N6_NB2_NL4_a2p1_s5",
  "N": 6,
  "types": [
    "B",
    "B",
    "L",
    "L",
    "L",
    "L"
  ],
  "alpha": 2.1,
  "energy": 39.11425035741832,
  "diag": {
    "restarts": 200,
    "iters": 8000,
    "seed": 5,
    "energy_best": 39.11425035741832,
    "energy_median": 39.11475238805254,
    "energy_min": 39.11425035741832,
    "energy_max": 542.3661770511362
  },
  "angles_stats_all": {
    "count": 15,
    "min_deg": 80.18123397911309,
    "max_deg": 170.16689466090253,
    "mean_deg": 105.07610851303085,
    "p10_deg": 82.47617404368427,
    "p50_deg": 96.06454812781011,
    "p90_deg": 166.2752807925651,
    "std_deg": 31.603823010474578
  },
  "angles_stats_by_type": {
    "BB": {
      "count": 1,
      "min_deg": 80.18123397911309,
      "max_deg": 80.18123397911309,
      "mean_deg": 80.18123397911309,
      "p10_deg": 80.18123397911309,
      "p50_deg": 80.18123397911309,
      "p90_deg": 80.18123397911309,
      "std_deg": 0.0
    },
    "BL": {
      "count": 8,
      "min_deg": 82.44659360736406,
      "max_deg": 170.16689466090253,
      "mean_deg": 106.31195416374533,
      "p10_deg": 82.49835937092443,
      "p50_deg": 86.33417947415631,
      "p90_deg": 170.02628610763716,
      "std_deg": 36.92742548987117
    },
    "LL": {
      "count": 6,
      "min_deg": 96.06454812781011,
      "max_deg": 160.73916403277045,
      "mean_deg": 107.57746006773112,
      "p10_deg": 96.11921102224188,
      "p50_deg": 96.22094212035125,
      "p90_deg": 130.39222706060025,
      "std_deg": 23.816774744009408
    }
  },
  "angles_all_deg": [
    80.18123397911309,
    89.98686460547741,
    82.74035149064652,
    169.96602529909487,
    82.44659360736406,
    170.16689466090253,
    82.52054469816458,
    89.78709598599025,
    82.88126296232237,
    96.17387391667366,
    100.04529008843004,
    96.06454812781011,
    96.25473530351066,
    160.73916403277045,
    96.18714893719184
  ],
  "points_xyz": [
    [
      -0.8195988957631988,
      0.5028496237353146,
      -0.2745904331417935
    ],
    [
      -0.6414565584704051,
      -0.3275718740081475,
      0.6937075399288191
    ],
    [
      0.5096657278920937,
      0.42162164639121463,
      -0.7499840219008561
    ],
    [
      0.09931486938331982,
      0.7623708224861715,
      0.6394742260178533
    ],
    [
      0.717383081208326,
      -0.5710763514509639,
      0.39904049369644634
    ],
    [
      -0.41922897091071304,
      -0.7222689746105229,
      -0.5500678124233487
    ]
  ]
}