{
  "tag": "MAP_N6_NB2_NL4_a1p85_s3",
  "N": 6,
  "types": [
    "B",
    "B",
    "L",
    "L",
    "L",
    "L"
  ],
  "alpha": 1.85,
  "energy": 32.28252283631451,
  "diag": {
    "restarts": 200,
    "iters": 8000,
    "seed": 3,
    "energy_best": 32.28252283631451,
    "energy_median": 32.28292366009803,
    "energy_min": 32.28252283631451,
    "energy_max": 441.8388082963991
  },
  "angles_stats_all": {
    "count": 15,
    "min_deg": 81.42587649762812,
    "max_deg": 171.38323961529386,
    "mean_deg": 105.5338304268545,
    "p10_deg": 83.81618722044936,
    "p50_deg": 95.06977194597646,
    "p90_deg": 168.27757753260946,
    "std_deg": 32.11145273293751
  },
  "angles_stats_by_type": {
    "BB": {
      "count": 1,
      "min_deg": 81.42587649762812,
      "max_deg": 81.42587649762812,
      "mean_deg": 81.42587649762812,
      "p10_deg": 81.42587649762812,
      "p50_deg": 81.42587649762812,
      "p90_deg": 81.42587649762812,
      "std_deg": 0.0
    },
    "BL": {
      "count": 8,
      "min_deg": 83.77556108610912,
      "max_deg": 171.38323961529386,
      "mean_deg": 107.2418927810173,
      "p10_deg": 83.84665682120453,
      "p50_deg": 86.92076939801555,
      "p90_deg": 171.2570425603673,
      "std_deg": 37.060227570618096
    },
    "LL": {
      "count": 6,
      "min_deg": 95.06977194597646,
      "max_deg": 163.8895066691398,
      "mean_deg": 107.27440627617511,
      "p10_deg": 95.12566986773517,
      "p50_deg": 95.33477618569489,
      "p90_deg": 131.36277277509527,
      "std_deg": 25.353455793981965
    }
  },
  "angles_all_deg": [
    81.42587649762812,
    83.77556108610912,
    171.38323961529386,
    89.77817943698717,
    84.06335935904393,
    83.89534599425708,
    89.95937222623162,
    171.2029581082559,
    83.87712642195972,
    95.18156778949388,
    95.06977194597646,
    163.8895066691398,
    98.83603888105077,
    95.25956917140827,
    95.4099831999815
  ],
  "points_xyz": [
    [
      0.009812915026595016,
      -0.9558181536197798,
      0.2937947649457959
    ],
    [
      -0.9755317055535305,
      -0.19638117293200177,
      -0.09885507765244382
    ],
    [
      0.06330637373916172,
      -0.3945529277862913,
      -0.9166898549778236
    ],
    [
      -0.15719770355668067,
      0.9359261042205778,
      -0.31516854131559197
    ],
    [
      0.988439513876399,
      0.05008415398709568,
      0.14310452448188
    ],
    [
      -0.24257120678733712,
      0.18218949209473312,
      0.9528726035562142
    ]
  ]
}