{
  "tag": "MAP_N6_NB2_NL4_a1p4_s5",
  "N": 6,
  "types": [
    "B",
    "B",
    "L",
    "L",
    "L",
    "L"
  ],
  "alpha": 1.4,
  "energy": 21.476185814284577,
  "diag": {
    "restarts": 200,
    "iters": 8000,
    "seed": 5,
    "energy_best": 21.476185814284577,
    "energy_median": 21.4764570980274,
    "energy_min": 21.476185814284577,
    "energy_max": 335.62666443948484
  },
  "angles_stats_all": {
    "count": 15,
    "min_deg": 84.63360788997002,
    "max_deg": 174.75830809788775,
    "mean_deg": 106.62787629418536,
    "p10_deg": 86.74897597500352,
    "p50_deg": 92.7598345470469,
    "p90_deg": 173.2073658405187,
    "std_deg": 33.58610208985579
  },
  "angles_stats_by_type": {
    "BB": {
      "count": 1,
      "min_deg": 84.63360788997002,
      "max_deg": 84.63360788997002,
      "mean_deg": 84.63360788997002,
      "p10_deg": 84.63360788997002,
      "p50_deg": 84.63360788997002,
      "p90_deg": 84.63360788997002,
      "std_deg": 0.0
    },
    "BL": {
      "count": 8,
      "min_deg": 86.72126653964618,
      "max_deg": 174.75830809788775,
      "mean_deg": 109.54507341617696,
      "p10_deg": 86.76975805152153,
      "p50_deg": 88.33562103919087,
      "p90_deg": 174.51919148042154,
      "std_deg": 37.5742925707756
    },
    "LL": {
      "count": 6,
      "min_deg": 92.7598345470469,
      "max_deg": 171.39334520617842,
      "mean_deg": 106.40399153223241,
      "p10_deg": 92.80634245192347,
      "p50_deg": 92.97981253722614,
      "p90_deg": 133.42581960754765,
      "std_deg": 29.07933173508399
    }
  },
  "angles_all_deg": [
    84.63360788997002,
    86.88789397527218,
    90.12473106539231,
    174.4167129300789,
    86.72126653964618,
    86.79054012803954,
    174.75830809788775,
    89.78334810310955,
    86.87778648998942,
    92.91977358153773,
    92.7598345470469,
    171.39334520617842,
    95.4582940089169,
    92.85285035680003,
    93.03985149291456
  ],
  "points_xyz": [
    [
      0.2452481449496606,
      0.1589122712560023,
      0.956347341420997
    ],
    [
      0.9416438557439861,
      0.27795000097997064,
      -0.18987007635442046
    ],
    [
      -0.23596696769733244,
      0.970763172812873,
      -0.04402786011163894
    ],
    [
      -0.9233767406012711,
      -0.2642922727777122,
      0.2784330969309581
    ],
    [
      -0.15458237726507884,
      -0.13158413259381474,
      -0.9791781782130411
    ],
    [
      0.35599211574525136,
      -0.9264311560721503,
      0.12245377326174357
    ]
  ]
}