{
  "tag": "MAP_N6_NB2_NL4_a1p3_s4",
  "N": 6,
  "types": [
    "B",
    "B",
    "L",
    "L",
    "L",
    "L"
  ],
  "alpha": 1.3,
  "energy": 19.33737552379109,
  "diag": {
    "restarts": 200,
    "iters": 8000,
    "seed": 4,
    "energy_best": 19.33737552379109,
    "energy_median": 19.337572335488233,
    "energy_min": 19.33737552379109,
    "energy_max": 287.866418518185
  },
  "angles_stats_all": {
    "count": 15,
    "min_deg": 85.61605925375324,
    "max_deg": 175.8587082020298,
    "mean_deg": 106.94750291007803,
    "p10_deg": 87.49400779939191,
    "p50_deg": 92.01504073346324,
    "p90_deg": 174.70334761696344,
    "std_deg": 34.089199897545946
  },
  "angles_stats_by_type": {
    "BB": {
      "count": 1,
      "min_deg": 85.61605925375324,
      "max_deg": 85.61605925375324,
      "mean_deg": 85.61605925375324,
      "p10_deg": 85.61605925375324,
      "p50_deg": 85.61605925375324,
      "p90_deg": 85.61605925375324,
      "std_deg": 0.0
    },
    "BL": {
      "count": 8,
      "min_deg": 87.43927968011869,
      "max_deg": 175.8587082020298,
      "mean_deg": 110.2488178414697,
      "p10_deg": 87.53505388884683,
      "p50_deg": 88.82287265894098,
      "p90_deg": 175.56543620423338,
      "std_deg": 37.771976039705955
    },
    "LL": {
      "count": 6,
      "min_deg": 92.01504073346324,
      "max_deg": 173.5987467346419,
      "mean_deg": 106.10099027760988,
      "p10_deg": 92.0751050531237,
      "p50_deg": 92.27677269205199,
      "p90_deg": 133.951093087654,
      "std_deg": 30.196043948325883
    }
  },
  "angles_all_deg": [
    85.61605925375324,
    87.57609997830176,
    175.8587082020298,
    89.8308896411173,
    87.7802791968489,
    87.81485567676467,
    90.25068215139878,
    175.43974820517778,
    87.43927968011869,
    92.01504073346324,
    92.25467653085308,
    173.5987467346419,
    94.30343944066605,
    92.29886885325091,
    92.13516937278419
  ],
  "points_xyz": [
    [
      -0.9639140328250948,
      -0.2533189028435626,
      -0.08184907320792041
    ],
    [
      -0.3266512884299871,
      0.9450691352884496,
      -0.011969348026187836
    ],
    [
      0.03085364641432967,
      0.038359379654951516,
      -0.9987875702547698
    ],
    [
      0.9434739145125168,
      0.3224422314760891,
      0.07673317401977126
    ],
    [
      0.25050297120572484,
      -0.9680647182168182,
      0.009948002859686288
    ],
    [
      -0.12843920566537592,
      0.015440207196297356,
      0.9915971815459051
    ]
  ]
}