{
  "tag": "MAP_N6_NB2_NL4_a1p8_s1",
  "N": 6,
  "types": [
    "B",
    "B",
    "L",
    "L",
    "L",
    "L"
  ],
  "alpha": 1.8,
  "energy": 30.98685814788968,
  "diag": {
    "restarts": 200,
    "iters": 8000,
    "seed": 1,
    "energy_best": 30.98685814788968,
    "energy_median": 30.987250567561837,
    "energy_min": 30.98685814788968,
    "energy_max": 462.1233084822569
  },
  "angles_stats_all": {
    "count": 15,
    "min_deg": 81.54178803541659,
    "max_deg": 171.5039968873367,
    "mean_deg": 105.64977587524956,
    "p10_deg": 84.21949954023013,
    "p50_deg": 94.70815369779761,
    "p90_deg": 168.8395661819178,
    "std_deg": 32.23954377102901
  },
  "angles_stats_by_type": {
    "BB": {
      "count": 1,
      "min_deg": 81.54178803541659,
      "max_deg": 81.54178803541659,
      "mean_deg": 81.54178803541659,
      "p10_deg": 81.54178803541659,
      "p50_deg": 81.54178803541659,
      "p90_deg": 81.54178803541659,
      "std_deg": 0.0
    },
    "BL": {
      "count": 8,
      "min_deg": 84.1961030647918,
      "max_deg": 171.5039968873367,
      "mean_deg": 107.50523175554062,
      "p10_deg": 84.23704689680889,
      "p50_deg": 87.15039231674959,
      "p90_deg": 171.41838862543736,
      "std_deg": 36.984304825264736
    },
    "LL": {
      "count": 6,
      "min_deg": 94.70815369779761,
      "max_deg": 165.026366399288,
      "mean_deg": 107.19383267483359,
      "p10_deg": 94.74507086120022,
      "p50_deg": 94.99532558095152,
      "p90_deg": 131.84110158234907,
      "std_deg": 25.900678346713224
    }
  },
  "angles_all_deg": [
    81.54178803541659,
    171.38169937033766,
    89.96224109065218,
    84.25459425338764,
    84.1961030647918,
    89.84015482860015,
    171.5039968873367,
    84.44243474431978,
    84.46062980489904,
    98.65583676541014,
    94.89971176954509,
    95.09093939235792,
    94.78198802460281,
    94.70815369779761,
    165.026366399288
  ],
  "points_xyz": [
    [
      0.46241307088259204,
      -0.028011188647432128,
      0.8862220518512777
    ],
    [
      0.9447720014752484,
      0.03458809891566941,
      -0.32589803411780965
    ],
    [
      -0.3243431870156199,
      0.032425556589388824,
      -0.9453835625376713
    ],
    [
      -0.8861014721905291,
      -0.03874279240040411,
      0.4618692206878439
    ],
    [
      0.1414595143415807,
      -0.9899128268266634,
      0.007861366693408053
    ],
    [
      0.09836182933635843,
      0.990692055603275,
      0.09409676665094587
    ]
  ]
}