{
  "tag": "MAP_N6_NB2_NL4_a1p95_s4",
  "N": 6,
  "types": [
    "B",
    "B",
    "L",
    "L",
    "L",
    "L"
  ],
  "alpha": 1.95,
  "energy": 34.94450175988038,
  "diag": {
    "restarts": 200,
    "iters": 8000,
    "seed": 4,
    "energy_best": 34.94450175988038,
    "energy_median": 34.945014177581626,
    "energy_min": 34.94450175988038,
    "energy_max": 632.5904739732796
  },
  "angles_stats_all": {
    "count": 15,
    "min_deg": 81.0123521190558,
    "max_deg": 170.9139954201771,
    "mean_deg": 105.37069547561592,
    "p10_deg": 83.40321689754968,
    "p50_deg": 95.50911740466515,
    "p90_deg": 167.5737120295799,
    "std_deg": 31.923047409272836
  },
  "angles_stats_by_type": {
    "BB": {
      "count": 1,
      "min_deg": 81.0123521190558,
      "max_deg": 81.0123521190558,
      "mean_deg": 81.0123521190558,
      "p10_deg": 81.0123521190558,
      "p50_deg": 81.0123521190558,
      "p90_deg": 81.0123521190558,
      "std_deg": 0.0
    },
    "BL": {
      "count": 8,
      "min_deg": 83.34562709351434,
      "max_deg": 170.9139954201771,
      "mean_deg": 106.89977263649273,
      "p10_deg": 83.44640925057618,
      "p50_deg": 86.63692696956113,
      "p90_deg": 170.81525952737667,
      "std_deg": 37.009429370804426
    },
    "LL": {
      "count": 6,
      "min_deg": 95.50911740466515,
      "max_deg": 162.77486385682786,
      "mean_deg": 107.39164982054017,
      "p10_deg": 95.52475035965114,
      "p50_deg": 95.60022336741991,
      "p90_deg": 131.04997573454946,
      "std_deg": 24.806223661367472
    }
  },
  "angles_all_deg": [
    81.0123521190558,
    83.4896016036027,
    170.9139954201771,
    83.51293788814957,
    89.76091605097268,
    83.34562709351434,
    89.90165781400596,
    83.50050107677153,
    170.77294414474792,
    95.54038331463714,
    162.77486385682786,
    95.59945830318766,
    95.50911740466515,
    99.32508761227105,
    95.60098843165215
  ],
  "points_xyz": [
    [
      -0.0607660944299343,
      -0.6124740576528891,
      0.7881516417986694
    ],
    [
      -0.4743537890063169,
      -0.7660935039763203,
      -0.43369254780389555
    ],
    [
      0.8165024264473831,
      -0.5374622583095002,
      -0.21085091533685052
    ],
    [
      -0.014568648471080428,
      0.49771911187321893,
      -0.8672159132291452
    ],
    [
      -0.9228316982386966,
      0.2658313353378178,
      0.2787747439751241
    ],
    [
      0.47157395670732466,
      0.6756341704030856,
      0.5666890427201966
    ]
  ]
}