{
  "tag": "MAP_N6_NB2_NL4_a1p2_s1",
  "N": 6,
  "types": [
    "B",
    "B",
    "L",
    "L",
    "L",
    "L"
  ],
  "alpha": 1.2,
  "energy": 17.294689198368758,
  "diag": {
    "restarts": 200,
    "iters": 8000,
    "seed": 1,
    "energy_best": 17.294689198368758,
    "energy_median": 17.294938243035258,
    "energy_min": 17.294689198368758,
    "energy_max": 211.39421060593165
  },
  "angles_stats_all": {
    "count": 15,
    "min_deg": 86.92052434172072,
    "max_deg": 177.02045554759556,
    "mean_deg": 107.26422666815238,
    "p10_deg": 88.25886566709853,
    "p50_deg": 91.60677121986524,
    "p90_deg": 176.3116076569652,
    "std_deg": 34.626674472040236
  },
  "angles_stats_by_type": {
    "BB": {
      "count": 1,
      "min_deg": 86.92052434172072,
      "max_deg": 86.92052434172072,
      "mean_deg": 86.92052434172072,
      "p10_deg": 86.92052434172072,
      "p50_deg": 86.92052434172072,
      "p90_deg": 86.92052434172072,
      "std_deg": 0.0
    },
    "BL": {
      "count": 8,
      "min_deg": 88.24811499373969,
      "max_deg": 177.02045554759556,
      "mean_deg": 110.91894922222352,
      "p10_deg": 88.26692867211767,
      "p50_deg": 89.20503824050334,
      "p90_deg": 176.9908453279174,
      "std_deg": 38.1584467073311
    },
    "LL": {
      "count": 6,
      "min_deg": 91.60677121986524,
      "max_deg": 175.31178629175858,
      "mean_deg": 105.78188031712943,
      "p10_deg": 91.61091842110235,
      "p50_deg": 91.61808843276498,
      "p90_deg": 134.11663409752103,
      "std_deg": 31.098381602609482
    }
  },
  "angles_all_deg": [
    86.92052434172072,
    90.05796908003919,
    88.27499167713681,
    88.31979308659852,
    177.02045554759556,
    176.97815523376963,
    88.24811499373969,
    88.3521074009675,
    90.10000675794129,
    91.61812350984594,
    91.60677121986524,
    92.92148190328346,
    175.31178629175858,
    91.61506562233946,
    91.61805335568401
  ],
  "points_xyz": [
    [
      -0.9272472504772886,
      0.32066439188418083,
      -0.19335688314579538
    ],
    [
      0.23138821606733476,
      0.9533930439205457,
      0.19365225862120214
    ],
    [
      -0.2804744176401221,
      -0.9377374693077626,
      -0.20489641213478482
    ],
    [
      0.22683625399964621,
      0.17173727242613893,
      -0.9586718015729043
    ],
    [
      -0.26612329089479475,
      -0.09998713901480655,
      0.9587392586490647
    ],
    [
      0.9407226294251536,
      -0.2714503442070013,
      0.20336087410641634
    ]
  ]
}