{
  "tag": "MAP_N6_NB2_NL4_a1p85_s2",
  "N": 6,
  "types": [
    "B",
    "B",
    "L",
    "L",
    "L",
    "L"
  ],
  "alpha": 1.85,
  "energy": 32.28247574765717,
  "diag": {
    "restarts": 200,
    "iters": 8000,
    "seed": 2,
    "energy_best": 32.28247574765717,
    "energy_median": 32.28290413306438,
    "energy_min": 32.28247574765717,
    "energy_max": 673.6790472054466
  },
  "angles_stats_all": {
    "count": 15,
    "min_deg": 81.0145494806444,
    "max_deg": 170.99979228300947,
    "mean_deg": 105.51081511091475,
    "p10_deg": 83.89382364045765,
    "p50_deg": 95.05135417929274,
    "p90_deg": 168.2639758416808,
    "std_deg": 32.068772106016446
  },
  "angles_stats_by_type": {
    "BB": {
      "count": 1,
      "min_deg": 81.0145494806444,
      "max_deg": 81.0145494806444,
      "mean_deg": 81.0145494806444,
      "p10_deg": 81.0145494806444,
      "p50_deg": 81.0145494806444,
      "p90_deg": 81.0145494806444,
      "std_deg": 0.0
    },
    "BL": {
      "count": 8,
      "min_deg": 83.83720336953566,
      "max_deg": 170.99979228300947,
      "mean_deg": 107.24093019642274,
      "p10_deg": 83.93628884364914,
      "p50_deg": 87.03069995068202,
      "p90_deg": 170.97358821841982,
      "std_deg": 36.88079941779238
    },
    "LL": {
      "count": 6,
      "min_deg": 95.05135417929274,
      "max_deg": 164.21640274666564,
      "mean_deg": 107.2867059352825,
      "p10_deg": 95.06644329953966,
      "p50_deg": 95.15967895597996,
      "p90_deg": 131.6339955503279,
      "std_deg": 25.500356518516806
    }
  },
  "angles_all_deg": [
    81.0145494806444,
    84.113377497318,
    83.97875404684063,
    89.98571968489478,
    170.96235790502425,
    84.10221438071318,
    83.83720336953566,
    170.99979228300947,
    89.94802240404604,
    164.21640274666564,
    95.12889774880917,
    95.08153241978656,
    95.19046016315075,
    95.05135417929274,
    99.0515883539902
  ],
  "points_xyz": [
    [
      -0.8417601358565534,
      -0.5302445745334161,
      -0.10139312038118446
    ],
    [
      -0.6261195630808581,
      0.7440163227441502,
      -0.23326809515599836
    ],
    [
      -0.3300631171882599,
      0.1524176832925624,
      0.931572427936603
    ],
    [
      0.0652054039439921,
      -0.11172846436805177,
      -0.9915971992429475
    ],
    [
      0.5009130118172793,
      -0.8374542299681585,
      0.21853276024564597
    ],
    [
      0.7528648765604352,
      0.6550071941600092,
      0.06449847471276121
    ]
  ]
}