{
  "tag": "MAP_N6_NB2_NL4_a1p4_s2",
  "N": 6,
  "types": [
    "B",
    "B",
    "L",
    "L",
    "L",
    "L"
  ],
  "alpha": 1.4,
  "energy": 21.476189513986935,
  "diag": {
    "restarts": 200,
    "iters": 8000,
    "seed": 2,
    "energy_best": 21.476189513986935,
    "energy_median": 21.476463765376856,
    "energy_min": 21.476189513986935,
    "energy_max": 284.119830518034
  },
  "angles_stats_all": {
    "count": 15,
    "min_deg": 84.50086643868374,
    "max_deg": 174.67900111527794,
    "mean_deg": 106.62183780682486,
    "p10_deg": 86.72891971490317,
    "p50_deg": 92.74311574099343,
    "p90_deg": 173.1940699322383,
    "std_deg": 33.57512382826802
  },
  "angles_stats_by_type": {
    "BB": {
      "count": 1,
      "min_deg": 84.50086643868374,
      "max_deg": 84.50086643868374,
      "mean_deg": 84.50086643868374,
      "p10_deg": 84.50086643868374,
      "p50_deg": 84.50086643868374,
      "p90_deg": 84.50086643868374,
      "std_deg": 0.0
    },
    "BL": {
      "count": 8,
      "min_deg": 86.72608687070357,
      "max_deg": 174.67900111527794,
      "mean_deg": 109.55310525844587,
      "p10_deg": 86.73104434805288,
      "p50_deg": 88.45513774913704,
      "p90_deg": 174.45706598527573,
      "std_deg": 37.53178505833606
    },
    "LL": {
      "count": 6,
      "min_deg": 92.74311574099343,
      "max_deg": 171.442248436255,
      "mean_deg": 106.40030976602027,
      "p10_deg": 92.8233480101417,
      "p50_deg": 92.92939941966975,
      "p90_deg": 133.44818186824938,
      "std_deg": 29.10293378865523
    }
  },
  "angles_all_deg": [
    84.50086643868374,
    89.86156706771999,
    87.04870843055407,
    174.67900111527794,
    86.73316898120258,
    174.36195092956052,
    86.72608687070357,
    90.18371147508331,
    86.83064719746503,
    92.92370811501759,
    95.45411530024374,
    92.93509072432191,
    92.90358027928997,
    171.442248436255,
    92.74311574099343
  ],
  "points_xyz": [
    [
      0.2262970424824414,
      -0.7158237929797653,
      0.6605951452801951
    ],
    [
      0.8013917638838479,
      -0.33673468780082083,
      -0.49434905766150555
    ],
    [
      -0.7835074573711297,
      0.26681538265180105,
      0.561182337412895
    ],
    [
      -0.5247019838815358,
      -0.6934643782130764,
      -0.4937559966829083
    ],
    [
      -0.15029276138485703,
      0.6905275300234144,
      -0.7075194811134724
    ],
    [
      0.6294147191366225,
      0.5880982678366865,
      0.507914893167798
    ]
  ]
}