{
  "tag": "MAP_N6_NB2_NL4_a1p45_s3",
  "N": 6,
  "types": [
    "B",
    "B",
    "L",
    "L",
    "L",
    "L"
  ],
  "alpha": 1.45,
  "energy": 22.58161606345209,
  "diag": {
    "restarts": 200,
    "iters": 8000,
    "seed": 3,
    "energy_best": 22.58161606345209,
    "energy_median": 22.581891799790412,
    "energy_min": 22.58161606345209,
    "energy_max": 267.8855739103331
  },
  "angles_stats_all": {
    "count": 15,
    "min_deg": 84.20397860979736,
    "max_deg": 174.17280442779207,
    "mean_deg": 106.49540386779978,
    "p10_deg": 86.45064878790912,
    "p50_deg": 92.918334911456,
    "p90_deg": 172.64429814887023,
    "std_deg": 33.38395823460137
  },
  "angles_stats_by_type": {
    "BB": {
      "count": 1,
      "min_deg": 84.20397860979736,
      "max_deg": 84.20397860979736,
      "mean_deg": 84.20397860979736,
      "p10_deg": 84.20397860979736,
      "p50_deg": 84.20397860979736,
      "p90_deg": 84.20397860979736,
      "std_deg": 0.0
    },
    "BL": {
      "count": 8,
      "min_deg": 86.43740491445406,
      "max_deg": 174.17280442779207,
      "mean_deg": 109.2534968780724,
      "p10_deg": 86.4605816930004,
      "p50_deg": 88.23498532674037,
      "p90_deg": 174.03057404109956,
      "std_deg": 37.44743115526016
    },
    "LL": {
      "count": 6,
      "min_deg": 92.918334911456,
      "max_deg": 170.65631813054284,
      "mean_deg": 106.53318406376998,
      "p10_deg": 93.00281221303447,
      "p50_deg": 93.24183609074507,
      "p90_deg": 133.35490388753044,
      "std_deg": 28.69691153417521
    }
  },
  "angles_all_deg": [
    84.20397860979736,
    173.96961816108848,
    89.9701231462426,
    86.6970117494062,
    86.43740491445406,
    89.77295890407456,
    174.17280442779207,
    86.4705145980917,
    86.53753912342955,
    96.05348964451804,
    93.24432487167427,
    92.918334911456,
    93.08728951461296,
    93.23934730981586,
    170.65631813054284
  ],
  "points_xyz": [
    [
      0.6540389508714558,
      -0.6270704819640605,
      -0.42310242423357264
    ],
    [
      0.23093729120522333,
      -0.48808769000642677,
      0.8416878129062961
    ],
    [
      -0.6291970617818445,
      0.5821854523686083,
      0.5149477220994891
    ],
    [
      -0.1669801440211206,
      0.42521566017217277,
      -0.8895556609043803
    ],
    [
      -0.6887251261387214,
      -0.7094811347509693,
      -0.1493124912982146
    ],
    [
      0.7852175130574494,
      0.5871217589913981,
      0.19677778661912254
    ]
  ]
}