{
  "tag": "MAP_N6_NB2_NL4_a2p1_s3",
  "N": 6,
  "types": [
    "B",
    "B",
    "L",
    "L",
    "L",
    "L"
  ],
  "alpha": 2.1,
  "energy": 39.114260753885944,
  "diag": {
    "restarts": 200,
    "iters": 8000,
    "seed": 3,
    "energy_best": 39.114260753885944,
    "energy_median": 39.1147839854404,
    "energy_min": 39.114260753885944,
    "energy_max": 605.0906548920166
  },
  "angles_stats_all": {
    "count": 15,
    "min_deg": 80.30608270141158,
    "max_deg": 170.2026623346364,
    "mean_deg": 105.07904953919393,
    "p10_deg": 82.4817713462858,
    "p50_deg": 96.07045128164867,
    "p90_deg": 166.26520663111788,
    "std_deg": 31.605258028565856
  },
  "angles_stats_by_type": {
    "BB": {
      "count": 1,
      "min_deg": 80.30608270141158,
      "max_deg": 80.30608270141158,
      "mean_deg": 80.30608270141158,
      "p10_deg": 80.30608270141158,
      "p50_deg": 80.30608270141158,
      "p90_deg": 80.30608270141158,
      "std_deg": 0.0
    },
    "BL": {
      "count": 8,
      "min_deg": 82.38753318556527,
      "max_deg": 170.2026623346364,
      "mean_deg": 106.29027055183712,
      "p10_deg": 82.5524499668262,
      "p50_deg": 86.23099436571101,
      "p90_deg": 169.99587302015223,
      "std_deg": 36.92799728381276
    },
    "LL": {
      "count": 6,
      "min_deg": 96.07045128164867,
      "max_deg": 160.80214303544903,
      "mean_deg": 107.59291599530002,
      "p10_deg": 96.09402900550708,
      "p50_deg": 96.18702558168943,
      "p90_deg": 130.4976933987036,
      "std_deg": 23.841894760430684
    }
  },
  "angles_all_deg": [
    80.30608270141158,
    170.2026623346364,
    82.6231285873666,
    82.84290879945402,
    89.60370656234888,
    89.8966937480222,
    82.38753318556527,
    82.85828216907315,
    169.90724902823047,
    96.11760672936548,
    96.07045128164867,
    100.19324376195816,
    160.80214303544903,
    96.18012801234862,
    96.19392315103022
  ],
  "points_xyz": [
    [
      0.3950732821858258,
      0.0707731859931648,
      -0.9159193511697936
    ],
    [
      -0.7432310133198333,
      0.47864899491595925,
      -0.46744283126978853
    ],
    [
      -0.5287557592799811,
      0.011557332769290952,
      0.8486953370247244
    ],
    [
      0.3635019785687357,
      0.9274019646730549,
      0.08827178199839468
    ],
    [
      -0.44260859856990376,
      -0.8077728540616989,
      -0.3893592745948182
    ],
    [
      0.8258239171873327,
      -0.4695026067208754,
      0.31238143364110565
    ]
  ]
}