{
  "tag": "MAP_N6_NB2_NL4_a1p75_s5",
  "N": 6,
  "types": [
    "B",
    "B",
    "L",
    "L",
    "L",
    "L"
  ],
  "alpha": 1.75,
  "energy": 29.714905757552852,
  "diag": {
    "restarts": 200,
    "iters": 8000,
    "seed": 5,
    "energy_best": 29.714905757552852,
    "energy_median": 29.715192654630023,
    "energy_min": 29.714905757552852,
    "energy_max": 441.01728547383823
  },
  "angles_stats_all": {
    "count": 15,
    "min_deg": 81.79299480856216,
    "max_deg": 171.90844549641488,
    "mean_deg": 105.74948588652732,
    "p10_deg": 84.41673881058675,
    "p50_deg": 94.60130514657762,
    "p90_deg": 169.2402432595347,
    "std_deg": 32.36676147648318
  },
  "angles_stats_by_type": {
    "BB": {
      "count": 1,
      "min_deg": 81.79299480856216,
      "max_deg": 81.79299480856216,
      "mean_deg": 81.79299480856216,
      "p10_deg": 81.79299480856216,
      "p50_deg": 81.79299480856216,
      "p90_deg": 81.79299480856216,
      "std_deg": 0.0
    },
    "BL": {
      "count": 8,
      "min_deg": 84.38270763617147,
      "max_deg": 171.90844549641488,
      "mean_deg": 107.72757862810623,
      "p10_deg": 84.4422621913982,
      "p50_deg": 87.3665048530126,
      "p90_deg": 171.75617714872607,
      "std_deg": 37.05932942528914
    },
    "LL": {
      "count": 6,
      "min_deg": 94.60130514657762,
      "max_deg": 165.56422922069046,
      "mean_deg": 107.10477741074963,
      "p10_deg": 94.61338147722483,
      "p50_deg": 94.82307090809992,
      "p90_deg": 131.87787984692415,
      "std_deg": 26.17479826378746
    }
  },
  "angles_all_deg": [
    81.79299480856216,
    84.83508258127763,
    84.46778557220965,
    89.89792712474758,
    171.90844549641488,
    84.38270763617147,
    84.52023529287644,
    171.69091928543088,
    90.11752603572128,
    165.56422922069046,
    94.91263196102295,
    94.60130514657762,
    94.73350985517689,
    94.62545780787205,
    98.19153047315783
  ],
  "points_xyz": [
    [
      -0.09632418316293485,
      -0.010948213459679059,
      0.9952898011936196
    ],
    [
      -0.25888820668857465,
      -0.959871625133788,
      0.10781168628954246
    ],
    [
      0.926600158652425,
      -0.33206870287886514,
      0.1764724413432553
    ],
    [
      -0.9859832851665327,
      0.16681201506053275,
      0.0032730725101137656
    ],
    [
      0.24761441694106484,
      0.9681744926702626,
      0.03640401441621889
    ],
    [
      0.057418694632643846,
      -0.12460621583353879,
      -0.9905434793497602
    ]
  ]
}