{
  "tag": "MAP_N6_NB2_NL4_a1p4_s4",
  "N": 6,
  "types": [
    "B",
    "B",
    "L",
    "L",
    "L",
    "L"
  ],
  "alpha": 1.4,
  "energy": 21.476232664074836,
  "diag": {
    "restarts": 200,
    "iters": 8000,
    "seed": 4,
    "energy_best": 21.476232664074836,
    "energy_median": 21.47644264968872,
    "energy_min": 21.476232664074836,
    "energy_max": 345.56561836219703
  },
  "angles_stats_all": {
    "count": 15,
    "min_deg": 84.79160531835609,
    "max_deg": 174.67695377421725,
    "mean_deg": 106.63815707908803,
    "p10_deg": 86.67166946569299,
    "p50_deg": 92.6429379195106,
    "p90_deg": 173.3458741752819,
    "std_deg": 33.602988421594105
  },
  "angles_stats_by_type": {
    "BB": {
      "count": 1,
      "min_deg": 84.79160531835609,
      "max_deg": 84.79160531835609,
      "mean_deg": 84.79160531835609,
      "p10_deg": 84.79160531835609,
      "p50_deg": 84.79160531835609,
      "p90_deg": 84.79160531835609,
      "std_deg": 0.0
    },
    "BL": {
      "count": 8,
      "min_deg": 86.65575923241994,
      "max_deg": 174.67695377421725,
      "mean_deg": 109.54674808576138,
      "p10_deg": 86.68360214064778,
      "p50_deg": 88.46436613218162,
      "p90_deg": 174.67198456950848,
      "std_deg": 37.62206498415242
    },
    "LL": {
      "count": 6,
      "min_deg": 92.6429379195106,
      "max_deg": 171.3599030726834,
      "mean_deg": 106.40112769697886,
      "p10_deg": 92.77755725656289,
      "p50_deg": 93.03224581588128,
      "p90_deg": 133.39358001849246,
      "std_deg": 29.06534631652577
    }
  },
  "angles_all_deg": [
    84.79160531835609,
    86.84505045063639,
    174.66985491034757,
    89.90209923850405,
    86.69553481560257,
    86.65575923241994,
    89.87984727710119,
    174.67695377421725,
    87.04888498726207,
    92.98637368125861,
    92.6429379195106,
    171.3599030726834,
    95.42725696430148,
    92.91217659361517,
    93.07811795050395
  ],
  "points_xyz": [
    [
      -0.6281064278097338,
      -0.23745224130133322,
      0.7410119759120422
    ],
    [
      -0.8299950741185497,
      0.10181540136606239,
      -0.5483993079714916
    ],
    [
      -0.13097780230178413,
      0.954188770134149,
      0.2690141376472149
    ],
    [
      0.5534347002947627,
      0.24573267724484907,
      -0.7958174940548398
    ],
    [
      0.7746802188010086,
      -0.11717955963816878,
      0.621401246700895
    ],
    [
      -0.017405001870653896,
      -0.9687578757155377,
      -0.24739693641797883
    ]
  ]
}