{
  "tag": "MAP_N6_NB2_NL4_a2p15_s3",
  "N": 6,
  "types": [
    "B",
    "B",
    "L",
    "L",
    "L",
    "L"
  ],
  "alpha": 2.15,
  "energy": 40.55107276167753,
  "diag": {
    "restarts": 200,
    "iters": 8000,
    "seed": 3,
    "energy_best": 40.55107276167753,
    "energy_median": 40.55167088535539,
    "energy_min": 40.55107276167753,
    "energy_max": 593.3464227797567
  },
  "angles_stats_all": {
    "count": 15,
    "min_deg": 80.1877945240984,
    "max_deg": 169.91126102956412,
    "mean_deg": 104.99456317743359,
    "p10_deg": 82.34935991438299,
    "p50_deg": 96.19110519004931,
    "p90_deg": 165.95709727489773,
    "std_deg": 31.520056662478055
  },
  "angles_stats_by_type": {
    "BB": {
      "count": 1,
      "min_deg": 80.1877945240984,
      "max_deg": 80.1877945240984,
      "mean_deg": 80.1877945240984,
      "p10_deg": 80.1877945240984,
      "p50_deg": 80.1877945240984,
      "p90_deg": 80.1877945240984,
      "std_deg": 0.0
    },
    "BL": {
      "count": 8,
      "min_deg": 82.31163043461318,
      "max_deg": 169.91126102956412,
      "mean_deg": 106.10057181148912,
      "p10_deg": 82.37765702421034,
      "p50_deg": 86.09364584666005,
      "p90_deg": 169.84175903795645,
      "std_deg": 36.931052338446214
    },
    "LL": {
      "count": 6,
      "min_deg": 96.19110519004931,
      "max_deg": 160.17478448205745,
      "mean_deg": 107.65434644091543,
      "p10_deg": 96.19543149635477,
      "p50_deg": 96.44867563378669,
      "p90_deg": 130.31893219260482,
      "std_deg": 23.53677998235193
    }
  },
  "angles_all_deg": [
    80.1877945240984,
    82.40595413403769,
    169.91126102956412,
    89.62488531120303,
    82.56240638211706,
    82.31163043461318,
    89.72449458390258,
    169.8119724701246,
    82.45197014635067,
    96.19110519004931,
    96.55290579397553,
    160.17478448205745,
    100.4630799031522,
    96.34444547359786,
    96.19975780266023
  ],
  "points_xyz": [
    [
      0.9510339896056985,
      0.24148063657035077,
      -0.19292862093594637
    ],
    [
      -0.02878324537568925,
      0.9792712203243161,
      0.20049788485210382
    ],
    [
      -0.13339091217632726,
      0.32442839899079057,
      -0.9364577291458701
    ],
    [
      -0.9708631200518747,
      -0.07051677260739571,
      0.2290244242524713
    ],
    [
      0.20042015881262149,
      -0.9508371627005394,
      -0.23609415488129168
    ],
    [
      0.33896735374681075,
      -0.04826630027897983,
      0.9395592037499627
    ]
  ]
}