{
  "tag": "MAP_N6_NB2_NL4_a1p35_s5",
  "N": 6,
  "types": [
    "B",
    "B",
    "L",
    "L",
    "L",
    "L"
  ],
  "alpha": 1.35,
  "energy": 20.394773770353975,
  "diag": {
    "restarts": 200,
    "iters": 8000,
    "seed": 5,
    "energy_best": 20.394773770353975,
    "energy_median": 20.394995376882903,
    "energy_min": 20.394773770353975,
    "energy_max": 300.4093511401193
  },
  "angles_stats_all": {
    "count": 15,
    "min_deg": 85.11145753515183,
    "max_deg": 175.10955913663798,
    "mean_deg": 106.78722364274705,
    "p10_deg": 87.21759478582598,
    "p50_deg": 92.34328522865097,
    "p90_deg": 174.04246806366703,
    "std_deg": 33.83126716664423
  },
  "angles_stats_by_type": {
    "BB": {
      "count": 1,
      "min_deg": 85.11145753515183,
      "max_deg": 85.11145753515183,
      "mean_deg": 85.11145753515183,
      "p10_deg": 85.11145753515183,
      "p50_deg": 85.11145753515183,
      "p90_deg": 85.11145753515183,
      "std_deg": 0.0
    },
    "BL": {
      "count": 8,
      "min_deg": 87.18809326951109,
      "max_deg": 175.10955913663798,
      "mean_deg": 109.88859677551582,
      "p10_deg": 87.23972092306215,
      "p50_deg": 88.63274006886218,
      "p90_deg": 175.03846082455547,
      "std_deg": 37.641906756474874
    },
    "LL": {
      "count": 6,
      "min_deg": 92.34328522865097,
      "max_deg": 172.59418498010166,
      "mean_deg": 106.26468715032127,
      "p10_deg": 92.3536824663862,
      "p50_deg": 92.64735513168557,
      "p90_deg": 133.79302385289202,
      "std_deg": 29.67768295164949
    }
  },
  "angles_all_deg": [
    85.11145753515183,
    87.36867727778913,
    89.999984582569,
    87.26184706029832,
    175.00799011937727,
    87.18809326951109,
    175.10955913663798,
    87.27581989800849,
    89.89680285993522,
    92.73267207791878,
    172.59418498010166,
    92.34328522865097,
    92.36407970412145,
    94.99186272568235,
    92.56203818545237
  ],
  "points_xyz": [
    [
      -0.7530903124964295,
      -0.6578974582910294,
      0.005090736511891473
    ],
    [
      -0.46591777564082804,
      0.3976860693810944,
      -0.7904216700990164
    ],
    [
      -0.5716433979035744,
      0.5889945359155353,
      0.5712348573878339
    ],
    [
      0.4044393218859862,
      -0.45682836809675276,
      0.792298351010818
    ],
    [
      0.4652316786309795,
      -0.6101223324006994,
      -0.6413347212681779
    ],
    [
      0.7146778638123776,
      0.6955723289244239,
      -0.07358455144410278
    ]
  ]
}