{
  "tag": "MAP_N6_NB2_NL4_a1p35_s1",
  "N": 6,
  "types": [
    "B",
    "B",
    "L",
    "L",
    "L",
    "L"
  ],
  "alpha": 1.35,
  "energy": 20.394769255820837,
  "diag": {
    "restarts": 200,
    "iters": 8000,
    "seed": 1,
    "energy_best": 20.394769255820837,
    "energy_median": 20.394994812215486,
    "energy_min": 20.394769255820837,
    "energy_max": 353.8331742330621
  },
  "angles_stats_all": {
    "count": 15,
    "min_deg": 85.05788875034703,
    "max_deg": 175.1579688798724,
    "mean_deg": 106.77297073570516,
    "p10_deg": 87.09114644207345,
    "p50_deg": 92.35211287634984,
    "p90_deg": 173.94562946731236,
    "std_deg": 33.81072494391093
  },
  "angles_stats_by_type": {
    "BB": {
      "count": 1,
      "min_deg": 85.05788875034703,
      "max_deg": 85.05788875034703,
      "mean_deg": 85.05788875034703,
      "p10_deg": 85.05788875034703,
      "p50_deg": 85.05788875034703,
      "p90_deg": 85.05788875034703,
      "std_deg": 0.0
    },
    "BL": {
      "count": 8,
      "min_deg": 87.01466400277992,
      "max_deg": 175.1579688798724,
      "mean_deg": 109.86925318843748,
      "p10_deg": 87.1485082715436,
      "p50_deg": 88.60839244213048,
      "p90_deg": 175.04832036114203,
      "std_deg": 37.66714545307534
    },
    "LL": {
      "count": 6,
      "min_deg": 92.35211287634984,
      "max_deg": 172.3620814600374,
      "mean_deg": 106.26377446295508,
      "p10_deg": 92.43668672658714,
      "p50_deg": 92.72549847834287,
      "p90_deg": 133.62913818393523,
      "std_deg": 29.572424810156676
    }
  },
  "angles_all_deg": [
    85.05788875034703,
    87.27334339743591,
    87.20587010101376,
    89.94344148682507,
    175.1579688798724,
    87.25494012640262,
    87.01466400277992,
    175.00132813882902,
    90.10246937434123,
    172.3620814600374,
    92.52126057682443,
    92.35211287634984,
    92.74732518075814,
    92.70367177592759,
    94.89619490783308
  ],
  "points_xyz": [
    [
      0.5337462638503305,
      -0.7878067404902835,
      0.3073686149623746
    ],
    [
      -0.4002416427873569,
      -0.637408166060774,
      -0.6584204258814564
    ],
    [
      -0.7100848363406923,
      -0.2913843186797876,
      0.6409950889254364
    ],
    [
      0.720104899148277,
      0.16284479608549385,
      -0.6744853642671008
    ],
    [
      0.44847266064151875,
      0.5709049575063314,
      0.6877061888276208
    ],
    [
      -0.5715349079483555,
      0.7361562705137411,
      -0.36252143988978736
    ]
  ]
}