{
  "tag": "MAP_N6_NB2_NL4_a1p3_s5",
  "N": 6,
  "types": [
    "B",
    "B",
    "L",
    "L",
    "L",
    "L"
  ],
  "alpha": 1.3,
  "energy": 19.33737332518728,
  "diag": {
    "restarts": 200,
    "iters": 8000,
    "seed": 5,
    "energy_best": 19.33737332518728,
    "energy_median": 19.337592224346132,
    "energy_min": 19.33737332518728,
    "energy_max": 267.972927200752
  },
  "angles_stats_all": {
    "count": 15,
    "min_deg": 85.74415045942852,
    "max_deg": 175.73207699186645,
    "mean_deg": 106.95613695889055,
    "p10_deg": 87.64401733220387,
    "p50_deg": 91.99543036124227,
    "p90_deg": 174.82742428116035,
    "std_deg": 34.10287515391374
  },
  "angles_stats_by_type": {
    "BB": {
      "count": 1,
      "min_deg": 85.74415045942852,
      "max_deg": 85.74415045942852,
      "mean_deg": 85.74415045942852,
      "p10_deg": 85.74415045942852,
      "p50_deg": 85.74415045942852,
      "p90_deg": 85.74415045942852,
      "std_deg": 0.0
    },
    "BL": {
      "count": 8,
      "min_deg": 87.62621276411045,
      "max_deg": 175.73207699186645,
      "mean_deg": 110.2381460861949,
      "p10_deg": 87.65737075827393,
      "p50_deg": 88.78861331041774,
      "p90_deg": 175.6165398771644,
      "std_deg": 37.776104380988244
    },
    "LL": {
      "count": 6,
      "min_deg": 91.99543036124227,
      "max_deg": 173.71802474660558,
      "mean_deg": 106.11545587239506,
      "p10_deg": 92.02521588419137,
      "p50_deg": 92.24003205579567,
      "p90_deg": 134.08111967719816,
      "std_deg": 30.244716888912148
    }
  },
  "angles_all_deg": [
    85.74415045942852,
    89.98872625714239,
    87.670724184344,
    175.56702397086352,
    87.74317790039694,
    175.73207699186645,
    87.75428818512293,
    89.82293843571256,
    87.62621276411045,
    91.99543036124227,
    94.44421460779071,
    92.29450548093904,
    92.18555863065228,
    173.71802474660558,
    92.05500140714047
  ],
  "points_xyz": [
    [
      -0.9753124470793764,
      0.10425261417371755,
      0.1946715773038904
    ],
    [
      -0.2827236431372415,
      -0.6911474451247399,
      -0.6651184486305806
    ],
    [
      0.21082925930492302,
      0.6998177604330336,
      0.6824999088669762
    ],
    [
      0.018000563344180157,
      -0.7258154709032134,
      0.6876538968964246
    ],
    [
      0.9560644170985267,
      -0.15781229339819247,
      -0.2470548732780985
    ],
    [
      -0.11183620562631867,
      0.681660587871635,
      -0.7230708859120277
    ]
  ]
}