{
  "tag": "MAP_N6_NB2_NL4_a1p05_s3",
  "N": 6,
  "types": [
    "B",
    "B",
    "L",
    "L",
    "L",
    "L"
  ],
  "alpha": 1.05,
  "energy": 14.412259439051706,
  "diag": {
    "restarts": 200,
    "iters": 8000,
    "seed": 3,
    "energy_best": 14.412259439051706,
    "energy_median": 14.412449430758194,
    "energy_min": 14.412259439051706,
    "energy_max": 160.3353430792926
  },
  "angles_stats_all": {
    "count": 15,
    "min_deg": 89.29197052926317,
    "max_deg": 179.29670932747558,
    "mean_deg": 107.80428974122982,
    "p10_deg": 89.358418382464,
    "p50_deg": 90.41513575683646,
    "p90_deg": 178.9690693046897,
    "std_deg": 35.61608634953187
  },
  "angles_stats_by_type": {
    "BB": {
      "count": 1,
      "min_deg": 89.29197052926317,
      "max_deg": 89.29197052926317,
      "mean_deg": 89.29197052926317,
      "p10_deg": 89.29197052926317,
      "p50_deg": 89.29197052926317,
      "p90_deg": 89.29197052926317,
      "std_deg": 0.0
    },
    "BL": {
      "count": 8,
      "min_deg": 89.30779806752314,
      "max_deg": 179.29670932747558,
      "mean_deg": 112.06284082487386,
      "p10_deg": 89.39638361866965,
      "p50_deg": 89.85119767786088,
      "p90_deg": 179.27125946010466,
      "std_deg": 38.807774467840304
    },
    "LL": {
      "count": 6,
      "min_deg": 90.41513575683646,
      "max_deg": 178.53214470059143,
      "mean_deg": 105.21160816503219,
      "p10_deg": 90.47288635936653,
      "p50_deg": 90.55560486567575,
      "p90_deg": 134.60633327005428,
      "std_deg": 32.79003207757521
    }
  },
  "angles_all_deg": [
    89.29197052926317,
    179.29670932747558,
    89.96862212603446,
    89.30779806752314,
    89.73377322968732,
    90.05896632235184,
    179.26035237408854,
    89.44215629695474,
    89.4343488548753,
    90.68052183951713,
    90.41513575683646,
    90.53063696189659,
    90.56780349943831,
    90.54340623191318,
    178.53214470059143
  ],
  "points_xyz": [
    [
      -0.7409383269487322,
      -0.4241408435930799,
      0.5206869889430349
    ],
    [
      -0.604010027447756,
      0.04952004233073344,
      -0.7954367681658444
    ],
    [
      0.7326706754982474,
      0.42900176457054007,
      -0.5283475818628345
    ],
    [
      0.5945962154835166,
      -0.05529508211953992,
      0.8021208103684089
    ],
    [
      -0.3262343181062354,
      0.8992323091173738,
      0.2914659910335949
    ],
    [
      0.3023160902743972,
      -0.9053186828995895,
      -0.298333812958161
    ]
  ]
}