{
  "tag": "MAP_N6_NB2_NL4_a1p35_s2",
  "N": 6,
  "types": [
    "B",
    "B",
    "L",
    "L",
    "L",
    "L"
  ],
  "alpha": 1.35,
  "energy": 20.394810952395034,
  "diag": {
    "restarts": 200,
    "iters": 8000,
    "seed": 2,
    "energy_best": 20.394810952395034,
    "energy_median": 20.39501565492561,
    "energy_min": 20.394810952395034,
    "energy_max": 272.8258900475845
  },
  "angles_stats_all": {
    "count": 15,
    "min_deg": 85.35390941723915,
    "max_deg": 175.31801899679678,
    "mean_deg": 106.82143413209047,
    "p10_deg": 87.15713933684322,
    "p50_deg": 92.30940380100749,
    "p90_deg": 174.20463142864554,
    "std_deg": 33.888903693767105
  },
  "angles_stats_by_type": {
    "BB": {
      "count": 1,
      "min_deg": 85.35390941723915,
      "max_deg": 85.35390941723915,
      "mean_deg": 85.35390941723915,
      "p10_deg": 85.35390941723915,
      "p50_deg": 85.35390941723915,
      "p90_deg": 85.35390941723915,
      "std_deg": 0.0
    },
    "BL": {
      "count": 8,
      "min_deg": 87.11713640235496,
      "max_deg": 175.31801899679678,
      "mean_deg": 109.95033670860184,
      "p10_deg": 87.18714153770942,
      "p50_deg": 88.68234369346766,
      "p90_deg": 175.30255572334684,
      "std_deg": 37.7497098140316
    },
    "LL": {
      "count": 6,
      "min_deg": 92.30940380100749,
      "max_deg": 172.56768566238281,
      "mean_deg": 106.22748481588388,
      "p10_deg": 92.38412542293989,
      "p50_deg": 92.64791750330953,
      "p90_deg": 133.65041152140225,
      "std_deg": 29.679540237740916
    }
  },
  "angles_all_deg": [
    85.35390941723915,
    89.94647129423332,
    175.31801899679678,
    87.32275289738476,
    87.21714373857561,
    175.295928606154,
    89.9670256406133,
    87.418216092702,
    87.11713640235496,
    94.73313738042167,
    92.57470882317914,
    92.45884704487227,
    92.30940380100749,
    92.72112618343992,
    172.56768566238281
  ],
  "points_xyz": [
    [
      0.17936626914014644,
      -0.9123912598646036,
      -0.36792652855893127
    ],
    [
      -0.27152681906420084,
      0.23427379696687697,
      -0.9334821768965915
    ],
    [
      0.2905283594374208,
      -0.30908556706707246,
      0.9055713028764919
    ],
    [
      -0.20489578337898803,
      0.9337946325480437,
      0.2933347953754804
    ],
    [
      -0.9426569146850773,
      -0.29751315110631343,
      0.15127414225571695
    ],
    [
      0.9342179808488535,
      0.23769608554442612,
      -0.26596491342947476
    ]
  ]
}