{
  "tag": "MAP_N6_NB2_NL4_a1p7_s1",
  "N": 6,
  "types": [
    "B",
    "B",
    "L",
    "L",
    "L",
    "L"
  ],
  "alpha": 1.7,
  "energy": 28.466526902874214,
  "diag": {
    "restarts": 200,
    "iters": 8000,
    "seed": 1,
    "energy_best": 28.466526902874214,
    "energy_median": 28.466938707706113,
    "energy_min": 28.466526902874214,
    "energy_max": 354.3308447147681
  },
  "angles_stats_all": {
    "count": 15,
    "min_deg": 82.23967370885303,
    "max_deg": 172.17318998143722,
    "mean_deg": 105.86487571595379,
    "p10_deg": 84.79282411157956,
    "p50_deg": 94.3046543938836,
    "p90_deg": 169.80942518625164,
    "std_deg": 32.5140330742125
  },
  "angles_stats_by_type": {
    "BB": {
      "count": 1,
      "min_deg": 82.23967370885303,
      "max_deg": 82.23967370885303,
      "mean_deg": 82.23967370885303,
      "p10_deg": 82.23967370885303,
      "p50_deg": 82.23967370885303,
      "p90_deg": 82.23967370885303,
      "std_deg": 0.0
    },
    "BL": {
      "count": 8,
      "min_deg": 84.77839031538193,
      "max_deg": 172.17318998143722,
      "mean_deg": 107.94345283006015,
      "p10_deg": 84.8036494587278,
      "p50_deg": 87.41596320293523,
      "p90_deg": 172.1512029575938,
      "std_deg": 37.13172550834923
    },
    "LL": {
      "count": 6,
      "min_deg": 94.3046543938836,
      "max_deg": 166.31089304456634,
      "mean_deg": 107.03097323166207,
      "p10_deg": 94.3793655944551,
      "p50_deg": 94.59614333417366,
      "p90_deg": 132.1174107663575,
      "std_deg": 26.540667394642263
    }
  },
  "angles_all_deg": [
    82.23967370885303,
    84.77839031538193,
    89.93354345936437,
    84.92912403858304,
    172.1417799473752,
    84.81447480587603,
    172.17318998143722,
    84.87431772517607,
    89.90280236728742,
    94.53493371134965,
    166.31089304456634,
    94.65735295699766,
    94.4540767950266,
    97.92392848814865,
    94.3046543938836
  ],
  "points_xyz": [
    [
      -0.3100591236323511,
      -0.6469607260612305,
      0.6966384706479136
    ],
    [
      -0.31039620016035807,
      -0.7236796660294893,
      -0.6163943055394475
    ],
    [
      0.8550662738001991,
      -0.5176207951851679,
      0.030502127816229713
    ],
    [
      0.2703221659707461,
      0.6416000380959144,
      0.7178268020213548
    ],
    [
      -0.9534864882446646,
      0.30089415165789135,
      -0.01806173394043226
    ],
    [
      0.26842896399132743,
      0.5538427031297634,
      -0.7881650534503921
    ]
  ]
}