{
  "tag": "MAP_N6_NB2_NL4_a1p55_s2",
  "N": 6,
  "types": [
    "B",
    "B",
    "L",
    "L",
    "L",
    "L"
  ],
  "alpha": 1.55,
  "energy": 24.86412905400428,
  "diag": {
    "restarts": 200,
    "iters": 8000,
    "seed": 2,
    "energy_best": 24.86412905400428,
    "energy_median": 24.864421643578005,
    "energy_min": 24.86412905400428,
    "energy_max": 526.1913198862651
  },
  "angles_stats_all": {
    "count": 15,
    "min_deg": 83.18862231874046,
    "max_deg": 173.15440609727798,
    "mean_deg": 106.19216689330445,
    "p10_deg": 85.68829265790016,
    "p50_deg": 93.67852008289711,
    "p90_deg": 171.2813157880908,
    "std_deg": 32.949154870977516
  },
  "angles_stats_by_type": {
    "BB": {
      "count": 1,
      "min_deg": 83.18862231874046,
      "max_deg": 83.18862231874046,
      "mean_deg": 83.18862231874046,
      "p10_deg": 83.18862231874046,
      "p50_deg": 83.18862231874046,
      "p90_deg": 83.18862231874046,
      "std_deg": 0.0
    },
    "BL": {
      "count": 8,
      "min_deg": 85.67886716417706,
      "max_deg": 173.15440609727798,
      "mean_deg": 108.62883116818874,
      "p10_deg": 85.69536177819248,
      "p50_deg": 87.85571499871003,
      "p90_deg": 173.09558822794526,
      "std_deg": 37.26880612373461
    },
    "LL": {
      "count": 6,
      "min_deg": 93.67852008289711,
      "max_deg": 168.5977186157373,
      "mean_deg": 106.77720528921941,
      "p10_deg": 93.73529901784741,
      "p50_deg": 93.81564087348553,
      "p90_deg": 132.78067597632523,
      "std_deg": 27.671512055772777
    }
  },
  "angles_all_deg": [
    83.18862231874046,
    85.67886716417706,
    85.74735046996028,
    173.0703805696598,
    89.96578414852995,
    85.82947475856314,
    85.7024308984848,
    89.8819552388569,
    173.15440609727798,
    168.5977186157373,
    93.79207795279771,
    93.67852008289711,
    93.81217564971882,
    93.81910609725226,
    96.96363333691315
  ],
  "points_xyz": [
    [
      0.8180582761284971,
      -0.4277572289905881,
      -0.3844533910683647
    ],
    [
      -0.014964341525447832,
      0.48164959608223346,
      -0.8762361183359947
    ],
    [
      0.6155896195237972,
      0.7263399727472085,
      0.30574444283442165
    ],
    [
      -0.5080097438225548,
      -0.7200823688820018,
      -0.47266000698877325
    ],
    [
      -0.8251738320719965,
      0.48998429982748326,
      0.28107567092544244
    ],
    [
      0.11329372989497556,
      -0.536393067956148,
      0.8363294849609665
    ]
  ]
}