{
  "tag": "MAP_N6_NB2_NL4_a1p1_s5",
  "N": 6,
  "types": [
    "B",
    "B",
    "L",
    "L",
    "L",
    "L"
  ],
  "alpha": 1.1,
  "energy": 15.348806793322593,
  "diag": {
    "restarts": 200,
    "iters": 8000,
    "seed": 5,
    "energy_best": 15.348806793322593,
    "energy_median": 15.348995826774793,
    "energy_min": 15.348806793322593,
    "energy_max": 167.47311387938913
  },
  "angles_stats_all": {
    "count": 15,
    "min_deg": 88.45874152016088,
    "max_deg": 178.4877674859397,
    "mean_deg": 107.63089199584351,
    "p10_deg": 89.166635371231,
    "p50_deg": 90.68906534687284,
    "p90_deg": 178.08114507327795,
    "std_deg": 35.28636942266966
  },
  "angles_stats_by_type": {
    "BB": {
      "count": 1,
      "min_deg": 88.45874152016088,
      "max_deg": 88.45874152016088,
      "mean_deg": 88.45874152016088,
      "p10_deg": 88.45874152016088,
      "p50_deg": 88.45874152016088,
      "p90_deg": 88.45874152016088,
      "std_deg": 0.0
    },
    "BL": {
      "count": 8,
      "min_deg": 89.15169096501147,
      "max_deg": 178.4877674859397,
      "mean_deg": 111.68147891293698,
      "p10_deg": 89.17784367589563,
      "p50_deg": 89.55469800612087,
      "p90_deg": 178.3408187577297,
      "std_deg": 38.511239566080555
    },
    "LL": {
      "count": 6,
      "min_deg": 90.68906534687284,
      "max_deg": 177.78610158616394,
      "mean_deg": 105.42546785233264,
      "p10_deg": 90.70679408395472,
      "p50_deg": 90.8334619183349,
      "p90_deg": 134.73614755470828,
      "std_deg": 32.36247997142686
    }
  },
  "angles_all_deg": [
    88.45874152016088,
    89.28984125931473,
    90.03560208785836,
    89.2004820405304,
    178.27784073135396,
    89.15169096501147,
    178.4877674859397,
    89.18905198056028,
    89.81955475292702,
    90.68906534687284,
    177.78610158616394,
    90.72452282103659,
    90.9311040784554,
    91.68619352325263,
    90.73581975821442
  ],
  "points_xyz": [
    [
      -0.06554813957808688,
      0.9978452274377373,
      0.0028885078469507173
    ],
    [
      -0.09983485257394764,
      0.017516915630108598,
      0.9948498177505719
    ],
    [
      -0.9950671850095462,
      -0.05270130123046162,
      -0.08404683316933288
    ],
    [
      0.09570585476924195,
      0.00854552342731924,
      -0.9953729770253168
    ],
    [
      0.9905569405599091,
      0.07872835558630996,
      0.11224434745352725
    ],
    [
      0.06325744930010939,
      -0.9976297884581554,
      0.02707951788677333
    ]
  ]
}