{
  "tag": "MAP_N6_NB2_NL4_a1p95_s3",
  "N": 6,
  "types": [
    "B",
    "B",
    "L",
    "L",
    "L",
    "L"
  ],
  "alpha": 1.95,
  "energy": 34.94454535043149,
  "diag": {
    "restarts": 200,
    "iters": 8000,
    "seed": 3,
    "energy_best": 34.94454535043149,
    "energy_median": 34.94506867790905,
    "energy_min": 34.94454535043149,
    "energy_max": 510.30620376941573
  },
  "angles_stats_all": {
    "count": 15,
    "min_deg": 80.80135769593922,
    "max_deg": 170.69295393973903,
    "mean_deg": 105.33037083041417,
    "p10_deg": 83.33836673843572,
    "p50_deg": 95.47652364628108,
    "p90_deg": 167.4071146306585,
    "std_deg": 31.867985920602862
  },
  "angles_stats_by_type": {
    "BB": {
      "count": 1,
      "min_deg": 80.80135769593922,
      "max_deg": 80.80135769593922,
      "mean_deg": 80.80135769593922,
      "p10_deg": 80.80135769593922,
      "p50_deg": 80.80135769593922,
      "p90_deg": 80.80135769593922,
      "std_deg": 0.0
    },
    "BL": {
      "count": 8,
      "min_deg": 83.27672396085067,
      "max_deg": 170.69295393973903,
      "mean_deg": 106.82277006584448,
      "p10_deg": 83.38459882162451,
      "p50_deg": 86.63405030971481,
      "p90_deg": 170.552874295076,
      "std_deg": 36.908687469896726
    },
    "LL": {
      "count": 6,
      "min_deg": 95.47652364628108,
      "max_deg": 162.7785263341727,
      "mean_deg": 107.42867403891957,
      "p10_deg": 95.48136205749688,
      "p50_deg": 95.60792677855272,
      "p90_deg": 131.19673328070908,
      "std_deg": 24.797884406499104
    }
  },
  "angles_all_deg": [
    80.80135769593922,
    83.43083090481329,
    170.492840161649,
    83.52893317321825,
    89.89177776705594,
    83.57609193545095,
    89.69200868397868,
    83.27672396085067,
    170.69295393973903,
    95.47652364628108,
    162.7785263341727,
    95.48620046871268,
    95.52688520826086,
    99.61494022724546,
    95.68896834884457
  ],
  "points_xyz": [
    [
      -0.14323918645812098,
      0.6614431435752425,
      0.7361898554585745
    ],
    [
      0.6637057520920098,
      0.6945226181184704,
      -0.2777282980933795
    ],
    [
      0.7458020458270306,
      -0.31740818177032426,
      0.585688786460414
    ],
    [
      0.2573839132637672,
      -0.5546436703397838,
      -0.7912799252761585
    ],
    [
      -0.6423398180579096,
      0.5838714287176389,
      -0.496481331838927
    ],
    [
      -0.696534659038794,
      -0.5947421834434876,
      0.4013990582831307
    ]
  ]
}