{
  "tag": "MAP_N6_NB2_NL4_a1p3_s2",
  "N": 6,
  "types": [
    "B",
    "B",
    "L",
    "L",
    "L",
    "L"
  ],
  "alpha": 1.3,
  "energy": 19.337321155683806,
  "diag": {
    "restarts": 200,
    "iters": 8000,
    "seed": 2,
    "energy_best": 19.337321155683806,
    "energy_median": 19.337574896684607,
    "energy_min": 19.337321155683806,
    "energy_max": 339.28279963509306
  },
  "angles_stats_all": {
    "count": 15,
    "min_deg": 85.81423820400202,
    "max_deg": 175.84096586577195,
    "mean_deg": 106.95087036027441,
    "p10_deg": 87.56468458187224,
    "p50_deg": 92.11829505655481,
    "p90_deg": 174.77943118920302,
    "std_deg": 34.09728050538889
  },
  "angles_stats_by_type": {
    "BB": {
      "count": 1,
      "min_deg": 85.81423820400202,
      "max_deg": 85.81423820400202,
      "mean_deg": 85.81423820400202,
      "p10_deg": 85.81423820400202,
      "p50_deg": 85.81423820400202,
      "p90_deg": 85.81423820400202,
      "std_deg": 0.0
    },
    "BL": {
      "count": 8,
      "min_deg": 87.55334360989335,
      "max_deg": 175.84096586577195,
      "mean_deg": 110.22423826497885,
      "p10_deg": 87.5731903108564,
      "p50_deg": 88.76010935456411,
      "p90_deg": 175.7264275761108,
      "std_deg": 37.848829708136975
    },
    "LL": {
      "count": 6,
      "min_deg": 92.11829505655481,
      "max_deg": 173.43256836648064,
      "mean_deg": 106.10915184671386,
      "p10_deg": 92.12537278785796,
      "p50_deg": 92.33998261041503,
      "p90_deg": 133.86210014186855,
      "std_deg": 30.117462063783965
    }
  },
  "angles_all_deg": [
    85.81423820400202,
    87.59232105927948,
    89.86580865239627,
    175.84096586577195,
    87.58169603984058,
    87.55334360989335,
    175.6773397376846,
    90.02802109823264,
    87.65441005673195,
    92.11829505655481,
    92.1324505191611,
    173.43256836648064,
    94.2916319172565,
    92.3220777837104,
    92.35788743711969
  ],
  "points_xyz": [
    [
      0.6414484728461597,
      0.7520705267356934,
      0.15143902898138906
    ],
    [
      0.022334059395123094,
      -0.12180915591073714,
      0.9923022318463507
    ],
    [
      -0.7395187871791664,
      0.6583148994230562,
      0.1404758221426956
    ],
    [
      0.024004377000249724,
      0.1806321390539579,
      -0.9832577587924854
    ],
    [
      -0.642928540453225,
      -0.7617855001716483,
      -0.07953454343187868
    ],
    [
      0.7916716423347953,
      -0.6087887708646424,
      -0.05130539145202644
    ]
  ]
}