{
  "tag": "MAP_N6_NB2_NL4_a1p2_s2",
  "N": 6,
  "types": [
    "B",
    "B",
    "L",
    "L",
    "L",
    "L"
  ],
  "alpha": 1.2,
  "energy": 17.29474187485318,
  "diag": {
    "restarts": 200,
    "iters": 8000,
    "seed": 2,
    "energy_best": 17.29474187485318,
    "energy_median": 17.294947873326223,
    "energy_min": 17.29474187485318,
    "energy_max": 214.29682334078836
  },
  "angles_stats_all": {
    "count": 15,
    "min_deg": 86.85830609006197,
    "max_deg": 177.05187782616588,
    "mean_deg": 107.25215748181297,
    "p10_deg": 88.1493109286516,
    "p50_deg": 91.5680675050677,
    "p90_deg": 176.19292793095224,
    "std_deg": 34.60508538306735
  },
  "angles_stats_by_type": {
    "BB": {
      "count": 1,
      "min_deg": 86.85830609006197,
      "max_deg": 86.85830609006197,
      "mean_deg": 86.85830609006197,
      "p10_deg": 86.85830609006197,
      "p50_deg": 86.85830609006197,
      "p90_deg": 86.85830609006197,
      "std_deg": 0.0
    },
    "BL": {
      "count": 8,
      "min_deg": 88.07164104926876,
      "max_deg": 177.05187782616588,
      "mean_deg": 110.89394160130219,
      "p10_deg": 88.20756333818872,
      "p50_deg": 89.23420012172238,
      "p90_deg": 176.86970463230253,
      "std_deg": 38.12838343328813
    },
    "LL": {
      "count": 6,
      "min_deg": 91.5680675050677,
      "max_deg": 175.29487421783892,
      "mean_deg": 105.79542055445255,
      "p10_deg": 91.56839529604439,
      "p50_deg": 91.66985598753118,
      "p90_deg": 134.14801037978208,
      "std_deg": 31.085225932448587
    }
  },
  "angles_all_deg": [
    86.85830609006197,
    88.26581574772585,
    88.29573573158032,
    90.20643180587084,
    176.7916304063611,
    88.53390861752118,
    88.07164104926876,
    177.05187782616588,
    89.93449162592358,
    175.29487421783892,
    91.65442361707788,
    91.5680675050677,
    91.56872308702107,
    91.68528835798448,
    93.00114654172525
  ],
  "points_xyz": [
    [
      -0.0606252486111334,
      0.5899460400349481,
      -0.8051634921417649
    ],
    [
      0.9465974504647553,
      -0.17732965117274757,
      -0.26927209582237976
    ],
    [
      0.3228265642184471,
      0.7919027640860467,
      0.5183367840196103
    ],
    [
      -0.27309536865162404,
      -0.7681043443979839,
      -0.5791671915241546
    ],
    [
      -0.9525653258636722,
      0.2041032126465146,
      0.22574582731383483
    ],
    [
      0.114211843273905,
      -0.5995907891994566,
      0.7921152317454512
    ]
  ]
}