{
  "tag": "MAP_N6_NB2_NL4_a1p95_s1",
  "N": 6,
  "types": [
    "B",
    "B",
    "L",
    "L",
    "L",
    "L"
  ],
  "alpha": 1.95,
  "energy": 34.944577875075545,
  "diag": {
    "restarts": 200,
    "iters": 8000,
    "seed": 1,
    "energy_best": 34.944577875075545,
    "energy_median": 34.945020005422506,
    "energy_min": 34.944577875075545,
    "energy_max": 491.4371093064949
  },
  "angles_stats_all": {
    "count": 15,
    "min_deg": 80.99504404455402,
    "max_deg": 170.74598084983964,
    "mean_deg": 105.32684806716891,
    "p10_deg": 83.35073987909682,
    "p50_deg": 95.48872595517804,
    "p90_deg": 167.39258998452866,
    "std_deg": 31.870229548192928
  },
  "angles_stats_by_type": {
    "BB": {
      "count": 1,
      "min_deg": 80.99504404455402,
      "max_deg": 80.99504404455402,
      "mean_deg": 80.99504404455402,
      "p10_deg": 80.99504404455402,
      "p50_deg": 80.99504404455402,
      "p90_deg": 80.99504404455402,
      "std_deg": 0.0
    },
    "BL": {
      "count": 8,
      "min_deg": 83.32577595531201,
      "max_deg": 170.74598084983964,
      "mean_deg": 106.78177576543686,
      "p10_deg": 83.36946282193543,
      "p50_deg": 86.51919979538222,
      "p90_deg": 170.64451868944613,
      "std_deg": 36.97726441707437
    },
    "LL": {
      "count": 6,
      "min_deg": 95.48872595517804,
      "max_deg": 162.57992260169112,
      "mean_deg": 107.44224513991412,
      "p10_deg": 95.50392480946738,
      "p50_deg": 95.70910630639986,
      "p90_deg": 131.11370430387515,
      "std_deg": 24.702589841118062
    }
  },
  "angles_all_deg": [
    80.99504404455402,
    83.38818576477404,
    89.7513166935571,
    170.60103490642035,
    83.40351236282733,
    83.32577595531201,
    170.74598084983964,
    89.60623840555623,
    83.43216118520822,
    95.76098553725828,
    95.5191236637567,
    162.57992260169112,
    99.64748600605917,
    95.48872595517804,
    95.65722707554143
  ],
  "points_xyz": [
    [
      -0.3157835844652819,
      0.5911738059825319,
      0.7421551447658271
    ],
    [
      0.5579452642178636,
      0.8067963550107169,
      -0.19436235149400607
    ],
    [
      0.7389485018868756,
      -0.21297765068395075,
      0.6392148557944247
    ],
    [
      -0.6173769393892375,
      -0.720081017591281,
      0.3167476011196979
    ],
    [
      0.4128317301028478,
      -0.46556631430962875,
      -0.7828269090932155
    ],
    [
      -0.6905748000878301,
      0.4915220142200876,
      -0.5305775673930077
    ]
  ]
}