{
  "tag": "MAP_N6_NB2_NL4_a1p55_s5",
  "N": 6,
  "types": [
    "B",
    "B",
    "L",
    "L",
    "L",
    "L"
  ],
  "alpha": 1.55,
  "energy": 24.864134475317993,
  "diag": {
    "restarts": 200,
    "iters": 8000,
    "seed": 5,
    "energy_best": 24.864134475317993,
    "energy_median": 24.86444330027533,
    "energy_min": 24.864134475317993,
    "energy_max": 401.9698662740307
  },
  "angles_stats_all": {
    "count": 15,
    "min_deg": 83.18372254588225,
    "max_deg": 173.29348533690248,
    "mean_deg": 106.21300170373543,
    "p10_deg": 85.65278637459052,
    "p50_deg": 93.56251148551266,
    "p90_deg": 171.33504606095818,
    "std_deg": 32.978363140820214
  },
  "angles_stats_by_type": {
    "BB": {
      "count": 1,
      "min_deg": 83.18372254588225,
      "max_deg": 83.18372254588225,
      "mean_deg": 83.18372254588225,
      "p10_deg": 83.18372254588225,
      "p50_deg": 83.18372254588225,
      "p90_deg": 83.18372254588225,
      "std_deg": 0.0
    },
    "BL": {
      "count": 8,
      "min_deg": 85.61565427518417,
      "max_deg": 173.29348533690248,
      "mean_deg": 108.69057921919375,
      "p10_deg": 85.68063544914529,
      "p50_deg": 87.92253188127412,
      "p90_deg": 173.14441129356535,
      "std_deg": 37.27700047988907
    },
    "LL": {
      "count": 6,
      "min_deg": 93.56251148551266,
      "max_deg": 168.7168315256213,
      "mean_deg": 106.7477782094332,
      "p10_deg": 93.60832605009469,
      "p50_deg": 93.87174693004809,
      "p90_deg": 132.76326164815686,
      "std_deg": 27.736310968171004
    }
  },
  "angles_all_deg": [
    83.18372254588225,
    173.08052241784944,
    85.61565427518417,
    90.10976303802843,
    85.70848452370005,
    89.89682288714064,
    85.94824087540759,
    173.29348533690248,
    85.87166039933723,
    93.94095209928062,
    96.80969177069242,
    93.80254176081557,
    93.56251148551266,
    168.7168315256213,
    93.6541406146767
  ],
  "points_xyz": [
    [
      0.983316110325935,
      0.17007839459278754,
      -0.06451950764081947
    ],
    [
      0.04874940972685009,
      0.6899554298750609,
      0.7222084185588007
    ],
    [
      -0.9844519573472067,
      -0.08735119187483215,
      0.15239459620767282
    ],
    [
      0.2386465833641444,
      -0.6600541012589187,
      0.7123035811084354
    ],
    [
      0.06656173070089938,
      -0.6748847013241901,
      -0.7349150807574027
    ],
    [
      -0.09849200353397189,
      0.7705111503400118,
      -0.6297713016973507
    ]
  ]
}