{
  "tag": "MAP_N6_NB2_NL4_a1p6_s2",
  "N": 6,
  "types": [
    "B",
    "B",
    "L",
    "L",
    "L",
    "L"
  ],
  "alpha": 1.6,
  "energy": 26.041166039075566,
  "diag": {
    "restarts": 200,
    "iters": 8000,
    "seed": 2,
    "energy_best": 26.041166039075566,
    "energy_median": 26.04147217747832,
    "energy_min": 26.041166039075566,
    "energy_max": 600.7319765300238
  },
  "angles_stats_all": {
    "count": 15,
    "min_deg": 83.21913158393843,
    "max_deg": 173.11584247166616,
    "mean_deg": 106.12570101075531,
    "p10_deg": 85.40124306259757,
    "p50_deg": 93.87718668392782,
    "p90_deg": 170.95929939012368,
    "std_deg": 32.8666789396309
  },
  "angles_stats_by_type": {
    "BB": {
      "count": 1,
      "min_deg": 83.21913158393843,
      "max_deg": 83.21913158393843,
      "mean_deg": 83.21913158393843,
      "p10_deg": 83.21913158393843,
      "p50_deg": 83.21913158393843,
      "p90_deg": 83.21913158393843,
      "std_deg": 0.0
    },
    "BL": {
      "count": 8,
      "min_deg": 85.40043004704843,
      "max_deg": 173.11584247166616,
      "mean_deg": 108.4616337215781,
      "p10_deg": 85.40185282425944,
      "p50_deg": 87.6789662757209,
      "p90_deg": 173.09560498899995,
      "std_deg": 37.364026274625346
    },
    "LL": {
      "count": 6,
      "min_deg": 93.87718668392782,
      "max_deg": 167.7678508020947,
      "mean_deg": 106.82888563412769,
      "p10_deg": 93.91461406796739,
      "p50_deg": 94.18081755936575,
      "p90_deg": 132.39122527504995,
      "std_deg": 27.27448351046484
    }
  },
  "angles_all_deg": [
    83.21913158393843,
    173.11584247166616,
    89.86883495862843,
    85.48909759281337,
    85.40043004704843,
    89.89764444880275,
    173.086931782143,
    85.43182588560136,
    85.40246258592128,
    97.01459974800521,
    93.87718668392782,
    94.18940661118741,
    94.1722285075441,
    93.95204145200695,
    167.7678508020947
  ],
  "points_xyz": [
    [
      0.5495022977293812,
      0.7938419833630277,
      -0.26050360888169105
    ],
    [
      0.21914550649370498,
      -0.3068870775085697,
      -0.9261725371883291
    ],
    [
      -0.5285505593374888,
      -0.8355670026138692,
      0.149873581284034
    ],
    [
      -0.15237480181350901,
      0.4043032791872122,
      0.9018429897774674
    ],
    [
      -0.7620845704304469,
      0.4863210913751124,
      -0.4274563177630677
    ],
    [
      0.8713131935788113,
      -0.4174649304940201,
      0.25794641013806696
    ]
  ]
}