{
  "tag": "MAP_N6_NB2_NL4_a2p05_s1",
  "N": 6,
  "types": [
    "B",
    "B",
    "L",
    "L",
    "L",
    "L"
  ],
  "alpha": 2.05,
  "energy": 37.700894808941605,
  "diag": {
    "restarts": 200,
    "iters": 8000,
    "seed": 1,
    "energy_best": 37.700894808941605,
    "energy_median": 37.701300836549926,
    "energy_min": 37.700894808941605,
    "energy_max": 560.8940525097155
  },
  "angles_stats_all": {
    "count": 15,
    "min_deg": 80.63409904265689,
    "max_deg": 170.26384141633022,
    "mean_deg": 105.14880701246837,
    "p10_deg": 82.79463200057373,
    "p50_deg": 95.79757142520528,
    "p90_deg": 166.64946763950147,
    "std_deg": 31.68030262930748
  },
  "angles_stats_by_type": {
    "BB": {
      "count": 1,
      "min_deg": 80.63409904265689,
      "max_deg": 80.63409904265689,
      "mean_deg": 80.63409904265689,
      "p10_deg": 80.63409904265689,
      "p50_deg": 80.63409904265689,
      "p90_deg": 80.63409904265689,
      "std_deg": 0.0
    },
    "BL": {
      "count": 8,
      "min_deg": 82.76016436822361,
      "max_deg": 170.26384141633022,
      "mean_deg": 106.40260087216744,
      "p10_deg": 82.82048272483632,
      "p50_deg": 86.29806097759624,
      "p90_deg": 170.25803036749863,
      "std_deg": 36.97127739893466
    },
    "LL": {
      "count": 6,
      "min_deg": 95.79757142520528,
      "max_deg": 161.24035922175463,
      "mean_deg": 107.56286652783818,
      "p10_deg": 95.86957007353872,
      "p50_deg": 96.14320830064761,
      "p90_deg": 130.67582120932815,
      "std_deg": 24.052400437888405
    }
  },
  "angles_all_deg": [
    80.63409904265689,
    170.25553991799939,
    82.76016436822361,
    82.97328765940911,
    89.63232730202748,
    89.62283429578338,
    82.8463334490989,
    82.86647856846744,
    170.26384141633022,
    95.94156872187217,
    96.05786984158193,
    100.11128319690167,
    161.24035922175463,
    96.22854675971331,
    95.79757142520528
  ],
  "points_xyz": [
    [
      0.3743762066854079,
      0.11143031625291851,
      0.9205572988617381
    ],
    [
      0.6846257054388392,
      -0.728771103974701,
      -0.013428382771851025
    ],
    [
      -0.2600407405261659,
      -0.23606914355772224,
      -0.9362959856405061
    ],
    [
      0.7830264683260281,
      0.5693316362917916,
      -0.25046164939602805
    ],
    [
      -0.5568964339325094,
      -0.7017485521853902,
      0.4443144510129768
    ],
    [
      -0.63237439809786,
      0.755158340952896,
      0.17273824336156368
    ]
  ]
}