{
  "tag": "MAP_N6_NB2_NL4_a1p85_s4",
  "N": 6,
  "types": [
    "B",
    "B",
    "L",
    "L",
    "L",
    "L"
  ],
  "alpha": 1.85,
  "energy": 32.282514177787995,
  "diag": {
    "restarts": 200,
    "iters": 8000,
    "seed": 4,
    "energy_best": 32.282514177787995,
    "energy_median": 32.2829273081844,
    "energy_min": 32.282514177787995,
    "energy_max": 594.0860768598968
  },
  "angles_stats_all": {
    "count": 15,
    "min_deg": 81.39583982130137,
    "max_deg": 171.33399661497907,
    "mean_deg": 105.54655309866486,
    "p10_deg": 83.8289577829743,
    "p50_deg": 95.02869748056352,
    "p90_deg": 168.35024864280416,
    "std_deg": 32.12130180131917
  },
  "angles_stats_by_type": {
    "BB": {
      "count": 1,
      "min_deg": 81.39583982130137,
      "max_deg": 81.39583982130137,
      "mean_deg": 81.39583982130137,
      "p10_deg": 81.39583982130137,
      "p50_deg": 81.39583982130137,
      "p90_deg": 81.39583982130137,
      "std_deg": 0.0
    },
    "BL": {
      "count": 8,
      "min_deg": 83.71582234177593,
      "max_deg": 171.33399661497907,
      "mean_deg": 107.27197988847688,
      "p10_deg": 83.91380936387307,
      "p50_deg": 86.99583608848583,
      "p90_deg": 171.2095850521917,
      "std_deg": 37.01241572869292
    },
    "LL": {
      "count": 6,
      "min_deg": 95.02869748056352,
      "max_deg": 164.14122289051474,
      "mean_deg": 107.27110292514277,
      "p10_deg": 95.05453250334011,
      "p50_deg": 95.23586651984799,
      "p90_deg": 131.52290975224017,
      "std_deg": 25.47024712384115
    }
  },
  "angles_all_deg": [
    81.39583982130137,
    83.99866094477184,
    171.33399661497907,
    89.76127216248362,
    84.04121486731495,
    83.71582234177593,
    89.93820635100455,
    171.1562658109971,
    84.23040001448804,
    95.0803675261167,
    95.29754011739041,
    164.14122289051474,
    98.90459661396561,
    95.17419292230556,
    95.02869748056352
  ],
  "points_xyz": [
    [
      -0.6639029128999522,
      -0.7460215518196549,
      -0.05181473210924248
    ],
    [
      -0.7828019292455374,
      0.519849604573968,
      -0.3420197774891883
    ],
    [
      0.1474401149025108,
      -0.20413971526984404,
      -0.9677749682478264
    ],
    [
      0.5523158783682404,
      0.8336348909187191,
      -0.00019785159692309998
    ],
    [
      0.6890946654038924,
      -0.6421529746290944,
      0.335839395078813
    ],
    [
      -0.41104299578721093,
      0.1643632929800634,
      0.8966762869257917
    ]
  ]
}