{
  "tag": "MAP_N6_NB2_NL4_a1p8_s5",
  "N": 6,
  "types": [
    "B",
    "B",
    "L",
    "L",
    "L",
    "L"
  ],
  "alpha": 1.8,
  "energy": 30.986854859489394,
  "diag": {
    "restarts": 200,
    "iters": 8000,
    "seed": 5,
    "energy_best": 30.986854859489394,
    "energy_median": 30.987204208058074,
    "energy_min": 30.986854859489394,
    "energy_max": 452.49892546002303
  },
  "angles_stats_all": {
    "count": 15,
    "min_deg": 81.44814808901083,
    "max_deg": 171.48310334675898,
    "mean_deg": 105.65024097634236,
    "p10_deg": 84.27150483637847,
    "p50_deg": 94.73804998758786,
    "p90_deg": 168.82772698695157,
    "std_deg": 32.23647686831135
  },
  "angles_stats_by_type": {
    "BB": {
      "count": 1,
      "min_deg": 81.44814808901083,
      "max_deg": 81.44814808901083,
      "mean_deg": 81.44814808901083,
      "p10_deg": 81.44814808901083,
      "p50_deg": 81.44814808901083,
      "p90_deg": 81.44814808901083,
      "std_deg": 0.0
    },
    "BL": {
      "count": 8,
      "min_deg": 84.26771928419434,
      "max_deg": 171.48310334675898,
      "mean_deg": 107.51894625136619,
      "p10_deg": 84.27434400051655,
      "p50_deg": 87.17505323918768,
      "p90_deg": 171.33772029391218,
      "std_deg": 36.939495193531734
    },
    "LL": {
      "count": 6,
      "min_deg": 94.73804998758786,
      "max_deg": 165.15619756048358,
      "mean_deg": 107.19231609086584,
      "p10_deg": 94.78550616193436,
      "p50_deg": 94.86988098298484,
      "p90_deg": 131.92156112767836,
      "std_deg": 25.960548346400294
    }
  },
  "angles_all_deg": [
    81.44814808901083,
    84.26771928419434,
    171.27541327126357,
    90.03547101691098,
    84.52037287099337,
    84.46257344877161,
    89.82973360738198,
    171.48310334675898,
    84.27718316465464,
    94.73804998758786,
    94.83296233628087,
    165.15619756048358,
    98.68692469487314,
    94.86902258543219,
    94.87073938053749
  ],
  "points_xyz": [
    [
      0.7054871870914532,
      0.14275552235141772,
      0.6941964345111278
    ],
    [
      -0.4947247707551861,
      -0.35994825258137486,
      0.7910023114156135
    ],
    [
      0.3841815458872301,
      -0.9214930258799704,
      -0.0570538609935767
    ],
    [
      -0.7879419199552419,
      -0.20286965164808513,
      -0.5813703081663457
    ],
    [
      0.6053355848842842,
      0.3868702276853446,
      -0.6956293960173701
    ],
    [
      -0.3488860750369627,
      0.8843152673702181,
      0.31026603833040206
    ]
  ]
}