{
  "tag": "MAP_N6_NB2_NL4_a1p7_s3",
  "N": 6,
  "types": [
    "B",
    "B",
    "L",
    "L",
    "L",
    "L"
  ],
  "alpha": 1.7,
  "energy": 28.466567715547825,
  "diag": {
    "restarts": 200,
    "iters": 8000,
    "seed": 3,
    "energy_best": 28.466567715547825,
    "energy_median": 28.466919112582705,
    "energy_min": 28.466567715547825,
    "energy_max": 326.7333978598843
  },
  "angles_stats_all": {
    "count": 15,
    "min_deg": 82.33965784263128,
    "max_deg": 172.29619542944988,
    "mean_deg": 105.87675235717839,
    "p10_deg": 84.82692890834608,
    "p50_deg": 94.21902813150712,
    "p90_deg": 169.80622945525317,
    "std_deg": 32.52864237096914
  },
  "angles_stats_by_type": {
    "BB": {
      "count": 1,
      "min_deg": 82.33965784263128,
      "max_deg": 82.33965784263128,
      "mean_deg": 82.33965784263128,
      "p10_deg": 82.33965784263128,
      "p50_deg": 82.33965784263128,
      "p90_deg": 82.33965784263128,
      "std_deg": 0.0
    },
    "BL": {
      "count": 8,
      "min_deg": 84.81766856374071,
      "max_deg": 172.29619542944988,
      "mean_deg": 107.95277634918406,
      "p10_deg": 84.83387416680011,
      "p50_deg": 87.3921263718215,
      "p90_deg": 172.13898682899207,
      "std_deg": 37.13920185477622
    },
    "LL": {
      "count": 6,
      "min_deg": 94.21902813150712,
      "max_deg": 166.4081560663677,
      "mean_deg": 107.03156945359535,
      "p10_deg": 94.32150363982585,
      "p50_deg": 94.58645038034214,
      "p90_deg": 132.18675434061805,
      "std_deg": 26.585242347120484
    }
  },
  "angles_all_deg": [
    82.33965784263128,
    89.96288506013336,
    172.07161171451014,
    84.84877785674128,
    84.84081942525414,
    172.29619542944988,
    89.7324824048248,
    84.81766856374071,
    85.05177033881822,
    97.9653526148684,
    94.21902813150712,
    94.60660533856255,
    94.56629542212174,
    94.42397914814458,
    166.4081560663677
  ],
  "points_xyz": [
    [
      0.8307653815546131,
      -0.5452453362857562,
      -0.11196608445887009
    ],
    [
      0.42779225057756454,
      0.2277052127108196,
      0.8747251719540845
    ],
    [
      -0.3168698297102097,
      -0.29916230415338907,
      -0.9000530133236917
    ],
    [
      -0.7794308473767525,
      0.5805852921950629,
      0.2353896188117285
    ],
    [
      0.5521209132847705,
      0.7509599506658559,
      -0.36224528928548705
    ],
    [
      -0.35370030725998164,
      -0.8025088297584849,
      0.4804952349439707
    ]
  ]
}