{
  "tag": "MAP_N6_NB2_NL4_a1p15_s2",
  "N": 6,
  "types": [
    "B",
    "B",
    "L",
    "L",
    "L",
    "L"
  ],
  "alpha": 1.15,
  "energy": 16.309653603268263,
  "diag": {
    "restarts": 200,
    "iters": 8000,
    "seed": 2,
    "energy_best": 16.309653603268263,
    "energy_median": 16.30986273288324,
    "energy_min": 16.309653603268263,
    "energy_max": 196.13277370669874
  },
  "angles_stats_all": {
    "count": 15,
    "min_deg": 87.37357336495435,
    "max_deg": 177.4737886757544,
    "mean_deg": 107.4196290806889,
    "p10_deg": 88.69513454870113,
    "p50_deg": 91.03923578715322,
    "p90_deg": 177.09688454843382,
    "std_deg": 34.8986932038333
  },
  "angles_stats_by_type": {
    "BB": {
      "count": 1,
      "min_deg": 87.37357336495435,
      "max_deg": 87.37357336495435,
      "mean_deg": 87.37357336495435,
      "p10_deg": 87.37357336495435,
      "p50_deg": 87.37357336495435,
      "p90_deg": 87.37357336495435,
      "std_deg": 0.0
    },
    "BL": {
      "count": 8,
      "min_deg": 88.6271846041841,
      "max_deg": 177.4737886757544,
      "mean_deg": 111.26811957639136,
      "p10_deg": 88.7460970070889,
      "p50_deg": 89.45254676781086,
      "p90_deg": 177.4340918486588,
      "std_deg": 38.211207206271325
    },
    "LL": {
      "count": 6,
      "min_deg": 91.03923578715322,
      "max_deg": 176.61659298694352,
      "mean_deg": 105.629317705708,
      "p10_deg": 91.07584318414884,
      "p50_deg": 91.26315473190985,
      "p90_deg": 134.54895520106538,
      "std_deg": 31.750192359799552
    }
  },
  "angles_all_deg": [
    87.37357336495435,
    88.82332804743484,
    90.0436463474966,
    177.4737886757544,
    88.79705946547668,
    88.6271846041841,
    177.41707892276068,
    90.10142335989842,
    88.86144718812511,
    91.29419607826908,
    91.03923578715322,
    176.61659298694352,
    92.48131741518723,
    91.11245058114446,
    91.23211338555063
  ],
  "points_xyz": [
    [
      0.10747577622962481,
      -0.5865603969108258,
      -0.8027427099012824
    ],
    [
      -0.8682825989426723,
      0.30169618099154993,
      -0.3937826084890905
    ],
    [
      -0.4913673222906559,
      -0.7442210381275318,
      0.4524303272254077
    ],
    [
      0.8738205297763381,
      -0.3288216110174852,
      0.35820947763740935
    ],
    [
      -0.14652722600679052,
      0.599471618867721,
      0.7868694619890066
    ],
    [
      0.4591807990946109,
      0.7337230634711114,
      -0.5008028153608982
    ]
  ]
}