{
  "tag": "MAP_N6_NB2_NL4_a1p7_s5",
  "N": 6,
  "types": [
    "B",
    "B",
    "L",
    "L",
    "L",
    "L"
  ],
  "alpha": 1.7,
  "energy": 28.466530980371594,
  "diag": {
    "restarts": 200,
    "iters": 8000,
    "seed": 5,
    "energy_best": 28.466530980371594,
    "energy_median": 28.46690378847269,
    "energy_min": 28.466530980371594,
    "energy_max": 434.02980593165597
  },
  "angles_stats_all": {
    "count": 15,
    "min_deg": 82.1322960697573,
    "max_deg": 172.18839870636904,
    "mean_deg": 105.85203633717312,
    "p10_deg": 84.7642455125208,
    "p50_deg": 94.3599126395637,
    "p90_deg": 169.69783832159916,
    "std_deg": 32.49481322294521
  },
  "angles_stats_by_type": {
    "BB": {
      "count": 1,
      "min_deg": 82.1322960697573,
      "max_deg": 82.1322960697573,
      "mean_deg": 82.1322960697573,
      "p10_deg": 82.1322960697573,
      "p50_deg": 82.1322960697573,
      "p90_deg": 82.1322960697573,
      "std_deg": 0.0
    },
    "BL": {
      "count": 8,
      "min_deg": 84.75698772702758,
      "max_deg": 172.18839870636904,
      "mean_deg": 107.92582599719685,
      "p10_deg": 84.76968885164072,
      "p50_deg": 87.37457536033918,
      "p90_deg": 172.0180955651058,
      "std_deg": 37.090047396721474
    },
    "LL": {
      "count": 6,
      "min_deg": 94.3599126395637,
      "max_deg": 166.32693304715136,
      "mean_deg": 107.04027350171077,
      "p10_deg": 94.42676978210824,
      "p50_deg": 94.53154655501902,
      "p90_deg": 132.1625041680051,
      "std_deg": 26.54498702405062
    }
  },
  "angles_all_deg": [
    82.1322960697573,
    84.9363334468315,
    84.77513219076064,
    171.9451085045644,
    90.0567819539246,
    84.75698772702758,
    84.93504817425013,
    89.81281727384687,
    172.18839870636904,
    166.32693304715136,
    94.3599126395637,
    94.49362692465276,
    94.56528441915752,
    94.4978086908805,
    97.99807528885884
  ],
  "points_xyz": [
    [
      -0.4237588119032723,
      0.28264083442634325,
      -0.860547865054064
    ],
    [
      0.8136124573089619,
      -0.05739874686852412,
      -0.5785673281214518
    ],
    [
      -0.18037739790276155,
      -0.9303279591515254,
      -0.3193021809302067
    ],
    [
      0.24217631180469165,
      0.9658463796303851,
      0.09214881961020756
    ],
    [
      0.5428382215904465,
      -0.2935918994474922,
      0.7868484363327761
    ],
    [
      -0.8798677798755119,
      0.0949998540400937,
      0.4656261565561996
    ]
  ]
}