{
  "tag": "MAP_N6_NB2_NL4_a1p65_s2",
  "N": 6,
  "types": [
    "B",
    "B",
    "L",
    "L",
    "L",
    "L"
  ],
  "alpha": 1.65,
  "energy": 27.24199699674795,
  "diag": {
    "restarts": 200,
    "iters": 8000,
    "seed": 2,
    "energy_best": 27.24199699674795,
    "energy_median": 27.24231757028595,
    "energy_min": 27.24199699674795,
    "energy_max": 623.15902179471
  },
  "angles_stats_all": {
    "count": 15,
    "min_deg": 82.63549666000826,
    "max_deg": 172.59327351753254,
    "mean_deg": 105.98624884021918,
    "p10_deg": 85.07141912399523,
    "p50_deg": 94.03868934181605,
    "p90_deg": 170.31249947494652,
    "std_deg": 32.670961570027856
  },
  "angles_stats_by_type": {
    "BB": {
      "count": 1,
      "min_deg": 82.63549666000826,
      "max_deg": 82.63549666000826,
      "mean_deg": 82.63549666000826,
      "p10_deg": 82.63549666000826,
      "p50_deg": 82.63549666000826,
      "p90_deg": 82.63549666000826,
      "std_deg": 0.0
    },
    "BL": {
      "count": 8,
      "min_deg": 85.0626655403799,
      "max_deg": 172.59327351753254,
      "mean_deg": 108.18572899949837,
      "p10_deg": 85.07798431170673,
      "p50_deg": 87.61602048406945,
      "p90_deg": 172.4641225632815,
      "std_deg": 37.18179838491045
    },
    "LL": {
      "count": 6,
      "min_deg": 94.03868934181605,
      "max_deg": 167.16809045589113,
      "mean_deg": 106.94540065788203,
      "p10_deg": 94.0968530384529,
      "p50_deg": 94.34015941132787,
      "p90_deg": 132.39918952386535,
      "std_deg": 26.961416058132777
    }
  },
  "angles_all_deg": [
    82.63549666000826,
    172.40877215431678,
    85.0626655403799,
    89.96091657324348,
    85.08454949941823,
    89.77342029218865,
    85.14361374295709,
    172.59327351753254,
    85.45862067595024,
    94.37706599563285,
    97.63028859183954,
    94.3032528270229,
    94.03868934181605,
    167.16809045589113,
    94.15501673508975
  ],
  "points_xyz": [
    [
      -0.3059079906645182,
      0.43938590537031813,
      0.8446066110382412
    ],
    [
      -0.016585532930596787,
      0.9392402748851206,
      -0.3428594845284743
    ],
    [
      0.30702172427888047,
      -0.3178310354339695,
      -0.8970624803968751
    ],
    [
      -0.9702543451117169,
      -0.015195408581140813,
      -0.24161044130973575
    ],
    [
      -0.02661483502817566,
      -0.8904094113576645,
      0.45438170157051916
    ],
    [
      0.9213829077740319,
      0.21802115982697423,
      0.321745724337668
    ]
  ]
}