{
  "tag": "MAP_N6_NB2_NL4_a1p05_s5",
  "N": 6,
  "types": [
    "B",
    "B",
    "L",
    "L",
    "L",
    "L"
  ],
  "alpha": 1.05,
  "energy": 14.412251473104506,
  "diag": {
    "restarts": 200,
    "iters": 8000,
    "seed": 5,
    "energy_best": 14.412251473104506,
    "energy_median": 14.412412219093653,
    "energy_min": 14.412251473104506,
    "energy_max": 264.32440689102054
  },
  "angles_stats_all": {
    "count": 15,
    "min_deg": 89.22357990921604,
    "max_deg": 179.3237198915321,
    "mean_deg": 107.7938773672936,
    "p10_deg": 89.3513953104991,
    "p50_deg": 90.4316643761822,
    "p90_deg": 178.85750775631752,
    "std_deg": 35.595994384696596
  },
  "angles_stats_by_type": {
    "BB": {
      "count": 1,
      "min_deg": 89.22357990921604,
      "max_deg": 89.22357990921604,
      "mean_deg": 89.22357990921604,
      "p10_deg": 89.22357990921604,
      "p50_deg": 89.22357990921604,
      "p90_deg": 89.22357990921604,
      "std_deg": 0.0
    },
    "BL": {
      "count": 8,
      "min_deg": 89.29098733496743,
      "max_deg": 179.3237198915321,
      "mean_deg": 112.03618774415366,
      "p10_deg": 89.39670129214785,
      "p50_deg": 89.73738520871555,
      "p90_deg": 179.14066176084336,
      "std_deg": 38.77372278873626
    },
    "LL": {
      "count": 6,
      "min_deg": 90.4316643761822,
      "max_deg": 178.55045697640006,
      "mean_deg": 105.23251310782639,
      "p10_deg": 90.46174465569231,
      "p50_deg": 90.5538768194501,
      "p90_deg": 134.68191784833675,
      "std_deg": 32.78900365666231
    }
  },
  "angles_all_deg": [
    89.22357990921604,
    89.29098733496743,
    89.61270448124515,
    90.1008575567369,
    179.06220827626248,
    89.4420072737966,
    89.59495120250273,
    179.3237198915321,
    89.86206593618597,
    178.55045697640006,
    90.51853827369698,
    90.49182493520243,
    90.4316643761822,
    90.58921536520323,
    90.81337872027342
  ],
  "points_xyz": [
    [
      -0.7062751323854762,
      -0.570649417698179,
      -0.4189685900573063
    ],
    [
      0.4775990265071423,
      -0.8288310199595443,
      0.29144177846055486
    ],
    [
      -0.517625655276951,
      -0.009182622760741745,
      0.8555579234852198
    ],
    [
      0.512214059538294,
      -0.015327164012710875,
      -0.8587210462394808
    ],
    [
      -0.48624938839741866,
      0.822179970602214,
      -0.2959419338716276
    ],
    [
      0.7120876229097444,
      0.5574897903640289,
      0.426774355999304
    ]
  ]
}