{
  "tag": "MAP_N6_NB2_NL4_a1p9_s1",
  "N": 6,
  "types": [
    "B",
    "B",
    "L",
    "L",
    "L",
    "L"
  ],
  "alpha": 1.9,
  "energy": 33.601712017083926,
  "diag": {
    "restarts": 200,
    "iters": 8000,
    "seed": 1,
    "energy_best": 33.601712017083926,
    "energy_median": 33.602158529587385,
    "energy_min": 33.601712017083926,
    "energy_max": 489.8147673611408
  },
  "angles_stats_all": {
    "count": 15,
    "min_deg": 81.01577035506617,
    "max_deg": 171.0575802439391,
    "mean_deg": 105.44099412287792,
    "p10_deg": 83.61483309701876,
    "p50_deg": 95.19475856712067,
    "p90_deg": 167.8809717360041,
    "std_deg": 31.998664744118983
  },
  "angles_stats_by_type": {
    "BB": {
      "count": 1,
      "min_deg": 81.01577035506617,
      "max_deg": 81.01577035506617,
      "mean_deg": 81.01577035506617,
      "p10_deg": 81.01577035506617,
      "p50_deg": 81.01577035506617,
      "p90_deg": 81.01577035506617,
      "std_deg": 0.0
    },
    "BL": {
      "count": 8,
      "min_deg": 83.58525886117832,
      "max_deg": 171.0575802439391,
      "mean_deg": 107.07731528644065,
      "p10_deg": 83.6370137738991,
      "p50_deg": 86.8220113142226,
      "p90_deg": 170.93201573552707,
      "std_deg": 36.975812390716555
    },
    "LL": {
      "count": 6,
      "min_deg": 95.19475856712067,
      "max_deg": 163.38512577784167,
      "mean_deg": 107.33010319942956,
      "p10_deg": 95.23414329179457,
      "p50_deg": 95.52613650942456,
      "p90_deg": 131.23002979706953,
      "std_deg": 25.105139696687555
    }
  },
  "angles_all_deg": [
    81.01577035506617,
    83.65919445077944,
    171.0575802439391,
    83.77893971146523,
    89.86508291698,
    83.74926223310709,
    90.045001499297,
    83.58525886117832,
    170.87820237477908,
    95.19475856712067,
    163.38512577784167,
    95.52747924815152,
    95.52479377069761,
    99.07493381629739,
    95.27352801646846
  ],
  "points_xyz": [
    [
      -0.09714672247616007,
      0.9814972438452608,
      -0.16500204433974872
    ],
    [
      -0.961062444265432,
      0.10682547629743597,
      0.2548475933501815
    ],
    [
      -0.36782013575431305,
      -0.07963503520698653,
      -0.9264807655322698
    ],
    [
      -0.05397245358517335,
      -0.977651258777713,
      0.2031870824249161
    ],
    [
      0.16578786873509913,
      0.285503354315008,
      0.9439291378356495
    ],
    [
      0.9584468185782848,
      0.05005057459781375,
      -0.2808462852515461
    ]
  ]
}