{
  "tag": "MAP_N6_NB2_NL4_a1p1_s1",
  "N": 6,
  "types": [
    "B",
    "B",
    "L",
    "L",
    "L",
    "L"
  ],
  "alpha": 1.1,
  "energy": 15.348795751672125,
  "diag": {
    "restarts": 200,
    "iters": 8000,
    "seed": 1,
    "energy_best": 15.348795751672125,
    "energy_median": 15.348984086740721,
    "energy_min": 15.348795751672125,
    "energy_max": 205.42912621354813
  },
  "angles_stats_all": {
    "count": 15,
    "min_deg": 88.5336664981227,
    "max_deg": 178.54044234223932,
    "mean_deg": 107.63721440329148,
    "p10_deg": 89.07649640682246,
    "p50_deg": 90.71410073525475,
    "p90_deg": 178.13836894311217,
    "std_deg": 35.299061222335666
  },
  "angles_stats_by_type": {
    "BB": {
      "count": 1,
      "min_deg": 88.5336664981227,
      "max_deg": 88.5336664981227,
      "mean_deg": 88.5336664981227,
      "p10_deg": 88.5336664981227,
      "p50_deg": 88.5336664981227,
      "p90_deg": 88.5336664981227,
      "std_deg": 0.0
    },
    "BL": {
      "count": 8,
      "min_deg": 89.07475356488288,
      "max_deg": 178.54044234223932,
      "mean_deg": 111.69678017755697,
      "p10_deg": 89.07780353827715,
      "p50_deg": 89.5898005466972,
      "p90_deg": 178.4992658392824,
      "std_deg": 38.57674875640381
    },
    "LL": {
      "count": 6,
      "min_deg": 90.71410073525475,
      "max_deg": 177.62349420790056,
      "mean_deg": 105.40838468846566,
      "p10_deg": 90.72986539275897,
      "p50_deg": 90.92819582954183,
      "p90_deg": 134.5670928430962,
      "std_deg": 32.2966439500027
    }
  },
  "angles_all_deg": [
    88.5336664981227,
    178.54044234223932,
    89.07911066973183,
    89.94795294874011,
    89.21102781891919,
    90.00768716470147,
    89.23164814465432,
    178.4816187665866,
    89.07475356488288,
    90.9531945641166,
    91.51069147829179,
    90.71410073525475,
    90.74563005026319,
    177.62349420790056,
    90.90319709496706
  ],
  "points_xyz": [
    [
      0.6369011003508671,
      -0.40179032292408356,
      -0.6579677232026016
    ],
    [
      -0.5110969642035208,
      0.38477458952683735,
      -0.7685885820361885
    ],
    [
      -0.6506299553168199,
      0.4109759863795538,
      0.63857607210401
    ],
    [
      0.5654209619542787,
      0.8245752120892657,
      0.019361182573402115
    ],
    [
      0.5281319743513989,
      -0.39557117938346464,
      0.7513987354985822
    ],
    [
      -0.5616073105877902,
      -0.825177607063904,
      -0.060655960091638955
    ]
  ]
}