{
  "tag": "MAP_N6_NB2_NL4_a2p1_s1",
  "N": 6,
  "types": [
    "B",
    "B",
    "L",
    "L",
    "L",
    "L"
  ],
  "alpha": 2.1,
  "energy": 39.114209708828795,
  "diag": {
    "restarts": 200,
    "iters": 8000,
    "seed": 1,
    "energy_best": 39.114209708828795,
    "energy_median": 39.1147408712083,
    "energy_min": 39.114209708828795,
    "energy_max": 603.9371835937211
  },
  "angles_stats_all": {
    "count": 15,
    "min_deg": 80.21766660081488,
    "max_deg": 170.30042946040646,
    "mean_deg": 105.07956307959066,
    "p10_deg": 82.57192074551033,
    "p50_deg": 96.07574368709439,
    "p90_deg": 166.21378287614684,
    "std_deg": 31.607108044485575
  },
  "angles_stats_by_type": {
    "BB": {
      "count": 1,
      "min_deg": 80.21766660081488,
      "max_deg": 80.21766660081488,
      "mean_deg": 80.21766660081488,
      "p10_deg": 80.21766660081488,
      "p50_deg": 80.21766660081488,
      "p90_deg": 80.21766660081488,
      "std_deg": 0.0
    },
    "BL": {
      "count": 8,
      "min_deg": 82.5490342765684,
      "max_deg": 170.30042946040646,
      "mean_deg": 106.31209610587001,
      "p10_deg": 82.58908559721678,
      "p50_deg": 86.22844537511487,
      "p90_deg": 169.9776153266265,
      "std_deg": 36.927817879681136
    },
    "LL": {
      "count": 6,
      "min_deg": 96.07574368709439,
      "max_deg": 160.77555757214304,
      "mean_deg": 107.57983512434747,
      "p10_deg": 96.11705199762483,
      "p50_deg": 96.19588742838914,
      "p90_deg": 130.42656594702842,
      "std_deg": 23.832939941750485
    }
  },
  "angles_all_deg": [
    80.21766660081488,
    82.66177255277884,
    90.08312494590413,
    169.83926641214939,
    82.5490342765684,
    82.60625044892322,
    170.30042946040646,
    89.62168173468798,
    82.83520901554176,
    96.1597166552562,
    96.15836030815525,
    160.77555757214304,
    100.07757432191381,
    96.07574368709439,
    96.2320582015221
  ],
  "points_xyz": [
    [
      0.7802439028389226,
      -0.6054903433947709,
      -0.15684672817234088
    ],
    [
      0.5762956763534335,
      0.26144097373576064,
      0.7742944599236367
    ],
    [
      0.5765322676150499,
      0.6576014535089167,
      -0.48494419549223233
    ],
    [
      -0.45076752266915354,
      -0.3677771632007692,
      -0.8133563786770894
    ],
    [
      -0.6888853525048036,
      0.6607070064889635,
      0.29816643453065816
    ],
    [
      -0.2799829314841393,
      -0.7349495405837867,
      0.61762345395332
    ]
  ]
}