{
  "tag": "MAP_N6_NB2_NL4_a1p9_s3",
  "N": 6,
  "types": [
    "B",
    "B",
    "L",
    "L",
    "L",
    "L"
  ],
  "alpha": 1.9,
  "energy": 33.60170768594563,
  "diag": {
    "restarts": 200,
    "iters": 8000,
    "seed": 3,
    "energy_best": 33.60170768594563,
    "energy_median": 33.60218733363814,
    "energy_min": 33.60170768594563,
    "energy_max": 482.1090050010824
  },
  "angles_stats_all": {
    "count": 15,
    "min_deg": 81.14696371565566,
    "max_deg": 170.96992843085053,
    "mean_deg": 105.42940697107562,
    "p10_deg": 83.51430815522497,
    "p50_deg": 95.31801900364431,
    "p90_deg": 167.87668342292844,
    "std_deg": 31.987192615304444
  },
  "angles_stats_by_type": {
    "BB": {
      "count": 1,
      "min_deg": 81.14696371565566,
      "max_deg": 81.14696371565566,
      "mean_deg": 81.14696371565566,
      "p10_deg": 81.14696371565566,
      "p50_deg": 81.14696371565566,
      "p90_deg": 81.14696371565566,
      "std_deg": 0.0
    },
    "BL": {
      "count": 8,
      "min_deg": 83.48724779868898,
      "max_deg": 170.96992843085053,
      "mean_deg": 107.02039074871865,
      "p10_deg": 83.53460342262694,
      "p50_deg": 86.81281822717389,
      "p90_deg": 170.9596371938925,
      "std_deg": 37.00283673847664
    },
    "LL": {
      "count": 6,
      "min_deg": 95.31801900364431,
      "max_deg": 163.25886856166971,
      "mean_deg": 107.35516914345486,
      "p10_deg": 95.36546497845362,
      "p50_deg": 95.4599745475611,
      "p90_deg": 131.24006790434984,
      "std_deg": 25.0396010098939
    }
  },
  "angles_all_deg": [
    81.14696371565566,
    83.48724779868898,
    89.82323317353713,
    83.81718467998434,
    170.9552266637676,
    83.55489869002893,
    170.96992843085053,
    83.74695477852832,
    89.80845177436345,
    95.41569934349621,
    163.25886856166971,
    95.50424975162599,
    95.41291095326294,
    99.22126724702999,
    95.31801900364431
  ],
  "points_xyz": [
    [
      -0.6643683607862451,
      0.7458068062357361,
      -0.04885579759505345
    ],
    [
      -0.7767033826825814,
      -0.5097713681345866,
      -0.3699527098963156
    ],
    [
      0.16022561604780194,
      0.23196231092310987,
      -0.9594379804204713
    ],
    [
      0.6809068649519648,
      0.634635919405754,
      0.365517566009214
    ],
    [
      -0.43668096443302173,
      -0.18694358527369212,
      0.8799783129298493
    ],
    [
      0.5491142824595129,
      -0.8356829889726093,
      -0.010365651970820702
    ]
  ]
}