{
  "tag": "MAP_N6_NB2_NL4_a1p9_s2",
  "N": 6,
  "types": [
    "B",
    "B",
    "L",
    "L",
    "L",
    "L"
  ],
  "alpha": 1.9,
  "energy": 33.60170671381884,
  "diag": {
    "restarts": 200,
    "iters": 8000,
    "seed": 2,
    "energy_best": 33.60170671381884,
    "energy_median": 33.602152525431876,
    "energy_min": 33.60170671381884,
    "energy_max": 709.306487357773
  },
  "angles_stats_all": {
    "count": 15,
    "min_deg": 80.98713592482629,
    "max_deg": 170.8738100993239,
    "mean_deg": 105.42692968628481,
    "p10_deg": 83.65336265979823,
    "p50_deg": 95.14865851398919,
    "p90_deg": 167.8720413538183,
    "std_deg": 31.97678655350704
  },
  "angles_stats_by_type": {
    "BB": {
      "count": 1,
      "min_deg": 80.98713592482629,
      "max_deg": 80.98713592482629,
      "mean_deg": 80.98713592482629,
      "p10_deg": 80.98713592482629,
      "p50_deg": 80.98713592482629,
      "p90_deg": 80.98713592482629,
      "std_deg": 0.0
    },
    "BL": {
      "count": 8,
      "min_deg": 83.63020581158275,
      "max_deg": 170.8738100993239,
      "mean_deg": 107.03554706174654,
      "p10_deg": 83.67073029595983,
      "p50_deg": 86.82152165609182,
      "p90_deg": 170.83070214764803,
      "std_deg": 36.92438614377839
    },
    "LL": {
      "count": 6,
      "min_deg": 95.14865851398919,
      "max_deg": 163.46176241772253,
      "mean_deg": 107.35540547924563,
      "p10_deg": 95.18948374924713,
      "p50_deg": 95.49670367578827,
      "p90_deg": 131.3800290127015,
      "std_deg": 25.133384194060362
    }
  },
  "angles_all_deg": [
    80.98713592482629,
    83.8174307072779,
    89.82561260490573,
    170.8738100993239,
    83.68809793212144,
    83.74773809815251,
    170.8122273112155,
    89.88925392939252,
    83.63020581158275,
    95.23030898450507,
    95.46982915254632,
    163.46176241772253,
    99.29829560768047,
    95.52357819903023,
    95.14865851398919
  ],
  "points_xyz": [
    [
      -0.26118804171409526,
      -0.7860313662894808,
      0.5602994717779486
    ],
    [
      -0.495123296802179,
      -0.5270985037694632,
      -0.6906664088311626
    ],
    [
      0.7690627767782559,
      -0.5815765088324945,
      -0.265162610011906
    ],
    [
      0.4605424309187316,
      0.4058219430350765,
      0.7894360137938354
    ],
    [
      0.18173350066669325,
      0.712989455631576,
      -0.6772141248479818
    ],
    [
      -0.9120545953992892,
      0.33339029626652056,
      0.23876206852504914
    ]
  ]
}