{
  "tag": "MAP_N6_NB2_NL4_a1p7_s4",
  "N": 6,
  "types": [
    "B",
    "B",
    "L",
    "L",
    "L",
    "L"
  ],
  "alpha": 1.7,
  "energy": 28.466611820402832,
  "diag": {
    "restarts": 200,
    "iters": 8000,
    "seed": 4,
    "energy_best": 28.466611820402832,
    "energy_median": 28.46692758706526,
    "energy_min": 28.466611820402832,
    "energy_max": 511.7258608513979
  },
  "angles_stats_all": {
    "count": 15,
    "min_deg": 82.18225002001351,
    "max_deg": 172.40428726281655,
    "mean_deg": 105.87501806882298,
    "p10_deg": 84.7320138256703,
    "p50_deg": 94.25658775811083,
    "p90_deg": 169.72383666104028,
    "std_deg": 32.52581631011954
  },
  "angles_stats_by_type": {
    "BB": {
      "count": 1,
      "min_deg": 82.18225002001351,
      "max_deg": 82.18225002001351,
      "mean_deg": 82.18225002001351,
      "p10_deg": 82.18225002001351,
      "p50_deg": 82.18225002001351,
      "p90_deg": 82.18225002001351,
      "std_deg": 0.0
    },
    "BL": {
      "count": 8,
      "min_deg": 84.62094953336873,
      "max_deg": 172.40428726281655,
      "mean_deg": 107.9822644489862,
      "p10_deg": 84.81531204489647,
      "p50_deg": 87.42123300319524,
      "p90_deg": 172.07138739430266,
      "std_deg": 37.11573198733709
    },
    "LL": {
      "count": 6,
      "min_deg": 94.25658775811083,
      "max_deg": 166.41651761947708,
      "mean_deg": 107.01415090340691,
      "p10_deg": 94.32884344156186,
      "p50_deg": 94.58179635985474,
      "p90_deg": 132.13181290880414,
      "std_deg": 26.594653328537458
    }
  },
  "angles_all_deg": [
    82.18225002001351,
    85.0938692929088,
    84.94103689315908,
    172.40428726281655,
    89.74859671348167,
    84.89861026412265,
    84.62094953336873,
    90.22204960994978,
    171.92871602208243,
    166.41651761947708,
    94.25658775811083,
    94.63791674772975,
    94.40109912501289,
    94.52567597197974,
    97.84710819813117
  ],
  "points_xyz": [
    [
      -0.21601874508888483,
      0.8124394132312339,
      -0.5415515687344206
    ],
    [
      -0.987065712632222,
      -0.14314388035951567,
      -0.07218800773995936
    ],
    [
      -0.23040637214933943,
      0.5698095518636306,
      0.7888155540289179
    ],
    [
      0.0376248218085656,
      -0.4694729930725233,
      -0.882144818926802
    ],
    [
      0.08631434174647483,
      -0.8390279239016717,
      0.5371982663059547
    ],
    [
      0.9661507059575396,
      0.25789402394109145,
      -0.006594375877951007
    ]
  ]
}