{
  "tag": "MAP_N6_NB2_NL4_a1p85_s1",
  "N": 6,
  "types": [
    "B",
    "B",
    "L",
    "L",
    "L",
    "L"
  ],
  "alpha": 1.85,
  "energy": 32.28245350806323,
  "diag": {
    "restarts": 200,
    "iters": 8000,
    "seed": 1,
    "energy_best": 32.28245350806323,
    "energy_median": 32.282870013738446,
    "energy_min": 32.28245350806323,
    "energy_max": 447.39877911780763
  },
  "angles_stats_all": {
    "count": 15,
    "min_deg": 81.49887417909834,
    "max_deg": 171.36126095881423,
    "mean_deg": 105.55305422000424,
    "p10_deg": 83.94320379612891,
    "p50_deg": 95.01176497616014,
    "p90_deg": 168.3821590632752,
    "std_deg": 32.13011668085929
  },
  "angles_stats_by_type": {
    "BB": {
      "count": 1,
      "min_deg": 81.49887417909834,
      "max_deg": 81.49887417909834,
      "mean_deg": 81.49887417909834,
      "p10_deg": 81.49887417909834,
      "p50_deg": 81.49887417909834,
      "p90_deg": 81.49887417909834,
      "std_deg": 0.0
    },
    "BL": {
      "count": 8,
      "min_deg": 83.90431489845052,
      "max_deg": 171.36126095881423,
      "mean_deg": 107.2688043950249,
      "p10_deg": 83.97237046938771,
      "p50_deg": 86.88746184890009,
      "p90_deg": 171.25132200816915,
      "std_deg": 37.033776122095944
    },
    "LL": {
      "count": 6,
      "min_deg": 95.01176497616014,
      "max_deg": 164.1490896856347,
      "mean_deg": 107.27441732679434,
      "p10_deg": 95.05708847784094,
      "p50_deg": 95.22517391657595,
      "p90_deg": 131.54098958596614,
      "std_deg": 25.472955807989784
    }
  },
  "angles_all_deg": [
    81.49887417909834,
    171.36126095881423,
    89.70572211594842,
    84.06920158185176,
    84.00153714264651,
    89.86245339520748,
    171.20420531503555,
    83.90431489845052,
    84.04173975224472,
    98.93288948629758,
    95.10241197952173,
    95.12385123488068,
    95.32649659827123,
    95.01176497616014,
    164.1490896856347
  ],
  "points_xyz": [
    [
      0.1734345508242449,
      0.9228495354665914,
      0.34390288086826015
    ],
    [
      0.17739200078425463,
      0.452522651206672,
      -0.8739309630643851
    ],
    [
      -0.1478418559555587,
      -0.8645012461568271,
      -0.4803960668249782
    ],
    [
      -0.15113313937280984,
      -0.3151782642912533,
      0.9369212538424304
    ],
    [
      -0.931445428131406,
      0.33760700572377106,
      -0.1357605395515631
    ],
    [
      0.9954132164865009,
      -0.08790344118160749,
      0.037755972672282034
    ]
  ]
}