{
  "tag": "MAP_N6_NB2_NL4_a1p5_s5",
  "N": 6,
  "types": [
    "B",
    "B",
    "L",
    "L",
    "L",
    "L"
  ],
  "alpha": 1.5,
  "energy": 23.710944021299355,
  "diag": {
    "restarts": 200,
    "iters": 8000,
    "seed": 5,
    "energy_best": 23.710944021299355,
    "energy_median": 23.71118857527109,
    "energy_min": 23.710944021299355,
    "energy_max": 354.90898238105683
  },
  "angles_stats_all": {
    "count": 15,
    "min_deg": 83.78352730301943,
    "max_deg": 173.87372803758558,
    "mean_deg": 106.37264870586392,
    "p10_deg": 86.01821915192144,
    "p50_deg": 93.2606421655407,
    "p90_deg": 172.0576288271917,
    "std_deg": 33.20791185225743
  },
  "angles_stats_by_type": {
    "BB": {
      "count": 1,
      "min_deg": 83.78352730301943,
      "max_deg": 83.78352730301943,
      "mean_deg": 83.78352730301943,
      "p10_deg": 83.78352730301943,
      "p50_deg": 83.78352730301943,
      "p90_deg": 83.78352730301943,
      "std_deg": 0.0
    },
    "BL": {
      "count": 8,
      "min_deg": 86.00085650186826,
      "max_deg": 173.87372803758558,
      "mean_deg": 109.01458825512114,
      "p10_deg": 86.03124113946133,
      "p50_deg": 88.10911304223686,
      "p90_deg": 173.7340554560031,
      "std_deg": 37.42197813150905
    },
    "LL": {
      "count": 6,
      "min_deg": 93.2606421655407,
      "max_deg": 169.63277840070626,
      "mean_deg": 106.61491620732835,
      "p10_deg": 93.32512197584825,
      "p50_deg": 93.58707075400693,
      "p90_deg": 132.93255589212987,
      "std_deg": 28.201023155040787
    }
  },
  "angles_all_deg": [
    83.78352730301943,
    86.32518548892139,
    173.87372803758558,
    86.21400584417005,
    89.89304059555234,
    86.00085650186826,
    90.09143066768833,
    86.04426312700122,
    173.67419577818202,
    93.38960178615578,
    169.63277840070626,
    93.44186504221607,
    93.2606421655407,
    96.23233338355351,
    93.7322764657978
  ],
  "points_xyz": [
    [
      0.0829280664244621,
      0.26417216298891033,
      0.9609037434107855
    ],
    [
      -0.04453261111946064,
      -0.9273694818356227,
      0.3714871339721087
    ],
    [
      -0.9891483018182143,
      0.029916253414939878,
      0.14384246518937271
    ],
    [
      -0.08606173930403768,
      -0.3654268115940747,
      -0.9268530748700964
    ],
    [
      0.9931253883472384,
      -0.11609987036795494,
      0.014925921100256465
    ],
    [
      0.0509692020107429,
      0.9623412402241688,
      -0.2670233656633757
    ]
  ]
}