{
  "tag": "MAP_N6_NB2_NL4_a1p25_s2",
  "N": 6,
  "types": [
    "B",
    "B",
    "L",
    "L",
    "L",
    "L"
  ],
  "alpha": 1.25,
  "energy": 18.303985432974837,
  "diag": {
    "restarts": 200,
    "iters": 8000,
    "seed": 2,
    "energy_best": 18.303985432974837,
    "energy_median": 18.304197259602823,
    "energy_min": 18.303985432974837,
    "energy_max": 228.78959002581638
  },
  "angles_stats_all": {
    "count": 15,
    "min_deg": 86.31112911434847,
    "max_deg": 176.37862938271232,
    "mean_deg": 107.08955062929257,
    "p10_deg": 87.77143377833093,
    "p50_deg": 91.87402243649895,
    "p90_deg": 175.43718859661848,
    "std_deg": 34.32749437527442
  },
  "angles_stats_by_type": {
    "BB": {
      "count": 1,
      "min_deg": 86.31112911434847,
      "max_deg": 86.31112911434847,
      "mean_deg": 86.31112911434847,
      "p10_deg": 86.31112911434847,
      "p50_deg": 86.31112911434847,
      "p90_deg": 86.31112911434847,
      "std_deg": 0.0
    },
    "BL": {
      "count": 8,
      "min_deg": 87.76594695675132,
      "max_deg": 176.37862938271232,
      "mean_deg": 110.52726851679142,
      "p10_deg": 87.77554889451562,
      "p50_deg": 89.00335435124282,
      "p90_deg": 176.2604252796803,
      "std_deg": 37.98017801361702
    },
    "LL": {
      "count": 6,
      "min_deg": 91.87402243649895,
      "max_deg": 174.2783219239749,
      "mean_deg": 105.96899703178478,
      "p10_deg": 91.90518249832746,
      "p50_deg": 92.00612099457064,
      "p90_deg": 133.99568760245617,
      "std_deg": 30.555637228572888
    }
  },
  "angles_all_deg": [
    86.31112911434847,
    176.37862938271232,
    88.00631169942783,
    89.90408276762119,
    87.76594695675132,
    90.07112100387317,
    88.10262593486443,
    176.20976637838086,
    87.77966401070033,
    92.0397319383658,
    93.71305328093747,
    91.93634256015599,
    91.97251005077545,
    174.2783219239749,
    91.87402243649895
  ],
  "points_xyz": [
    [
      -0.8027168384126961,
      -0.08746252022571106,
      -0.5899118450111784
    ],
    [
      0.5434053712855301,
      -0.10754658678128233,
      -0.8325529017003852
    ],
    [
      0.8387659037180326,
      0.0780415103461205,
      0.5388703753436146
    ],
    [
      -0.018863267614500415,
      0.9836419553409056,
      -0.17914430169007237
    ],
    [
      -0.5975922689024976,
      0.09846884284242867,
      0.7957307127020031
    ],
    [
      -0.0002600077446739132,
      -0.9966292341841964,
      0.08203719866862254
    ]
  ]
}