{
  "tag": "MAP_N6_NB2_NL4_a1p15_s5",
  "N": 6,
  "types": [
    "B",
    "B",
    "L",
    "L",
    "L",
    "L"
  ],
  "alpha": 1.15,
  "energy": 16.309667771466906,
  "diag": {
    "restarts": 200,
    "iters": 8000,
    "seed": 5,
    "energy_best": 16.309667771466906,
    "energy_median": 16.309868532177088,
    "energy_min": 16.309667771466906,
    "energy_max": 187.03644015418232
  },
  "angles_stats_all": {
    "count": 15,
    "min_deg": 87.53534645691656,
    "max_deg": 177.66906229004778,
    "mean_deg": 107.41802378332612,
    "p10_deg": 88.60893652138179,
    "p50_deg": 91.08072436402851,
    "p90_deg": 176.99558038824043,
    "std_deg": 34.896338162230386
  },
  "angles_stats_by_type": {
    "BB": {
      "count": 1,
      "min_deg": 87.53534645691656,
      "max_deg": 87.53534645691656,
      "mean_deg": 87.53534645691656,
      "p10_deg": 87.53534645691656,
      "p50_deg": 87.53534645691656,
      "p90_deg": 87.53534645691656,
      "std_deg": 0.0
    },
    "BL": {
      "count": 8,
      "min_deg": 88.53338198811568,
      "max_deg": 177.66906229004778,
      "mean_deg": 111.236832212998,
      "p10_deg": 88.66560242133139,
      "p50_deg": 89.3553364702935,
      "p90_deg": 177.44336993754624,
      "std_deg": 38.265269095557635
    },
    "LL": {
      "count": 6,
      "min_deg": 91.08072436402851,
      "max_deg": 176.4689840051755,
      "mean_deg": 105.64005876483189,
      "p10_deg": 91.11302231616295,
      "p50_deg": 91.32048477368329,
      "p90_deg": 134.48666920464944,
      "std_deg": 31.679424204203453
    }
  },
  "angles_all_deg": [
    87.53534645691656,
    90.13550426755506,
    88.72226832128098,
    88.53338198811568,
    177.34664464361703,
    177.66906229004778,
    88.7771232527805,
    88.88547470387464,
    89.82519823671235,
    91.08072436402851,
    91.14718322750991,
    92.5043544041234,
    176.4689840051755,
    91.49378631985665,
    91.1453202682974
  ],
  "points_xyz": [
    [
      0.4637641060555901,
      -0.1023055252508117,
      0.8800320638690473
    ],
    [
      -0.7495309752488174,
      -0.5413904748307289,
      0.3809195071207493
    ],
    [
      0.7697846998698278,
      0.5363938675240957,
      -0.3459958594099963
    ],
    [
      0.4323041909823132,
      -0.8499068979201939,
      -0.3012828427355275
    ],
    [
      -0.4399349311913155,
      0.8241362956832781,
      0.35673046191086194
    ],
    [
      -0.5008078033198146,
      0.08140796062542048,
      -0.8617216999013033
    ]
  ]
}