{
  "tag": "MAP_N6_NB2_NL4_a1p55_s1",
  "N": 6,
  "types": [
    "B",
    "B",
    "L",
    "L",
    "L",
    "L"
  ],
  "alpha": 1.55,
  "energy": 24.8640960927237,
  "diag": {
    "restarts": 200,
    "iters": 8000,
    "seed": 1,
    "energy_best": 24.8640960927237,
    "energy_median": 24.864419204631936,
    "energy_min": 24.8640960927237,
    "energy_max": 285.95776609592565
  },
  "angles_stats_all": {
    "count": 15,
    "min_deg": 83.18674489962171,
    "max_deg": 173.2205366481321,
    "mean_deg": 106.21034619822079,
    "p10_deg": 85.75378064457182,
    "p50_deg": 93.59001525622695,
    "p90_deg": 171.34477875211272,
    "std_deg": 32.97305892061048
  },
  "angles_stats_by_type": {
    "BB": {
      "count": 1,
      "min_deg": 83.18674489962171,
      "max_deg": 83.18674489962171,
      "mean_deg": 83.18674489962171,
      "p10_deg": 83.18674489962171,
      "p50_deg": 83.18674489962171,
      "p90_deg": 83.18674489962171,
      "std_deg": 0.0
    },
    "BL": {
      "count": 8,
      "min_deg": 85.73019177075794,
      "max_deg": 173.2205366481321,
      "mean_deg": 108.67606436910428,
      "p10_deg": 85.77147229993224,
      "p50_deg": 87.87760775352234,
      "p90_deg": 173.10264493357786,
      "std_deg": 37.25460894392699
    },
    "LL": {
      "count": 6,
      "min_deg": 93.59001525622695,
      "max_deg": 168.78376701069988,
      "mean_deg": 106.75998885347599,
      "p10_deg": 93.6216472012863,
      "p50_deg": 93.81020094028278,
      "p90_deg": 132.84811841885892,
      "std_deg": 27.762550106146712
    }
  },
  "angles_all_deg": [
    83.18674489962171,
    85.73019177075794,
    173.0521199130546,
    85.88980228250749,
    90.03529172521495,
    85.78916395529265,
    89.86541322453718,
    85.82599543333733,
    173.2205366481321,
    93.7633788713821,
    168.78376701069988,
    93.59001525622695,
    93.65327914634562,
    96.91246982701794,
    93.85702300918346
  ],
  "points_xyz": [
    [
      0.625962113976044,
      -0.4768340932358053,
      0.6170904953040757
    ],
    [
      0.4571803039451672,
      -0.5515494228048782,
      -0.6976957817618008
    ],
    [
      -0.6028143016650963,
      -0.7883492874067874,
      0.12296470531511364
    ],
    [
      -0.5749890108499064,
      0.41273910938755276,
      -0.706423431791313
    ],
    [
      0.7444911276927298,
      0.6541306909202104,
      -0.1335889216329542
    ],
    [
      -0.38771884648916033,
      0.4969871061292492,
      0.7763233298171511
    ]
  ]
}