{
  "tag": "MAP_N6_NB2_NL4_a1p15_s3",
  "N": 6,
  "types": [
    "B",
    "B",
    "L",
    "L",
    "L",
    "L"
  ],
  "alpha": 1.15,
  "energy": 16.30969468013589,
  "diag": {
    "restarts": 200,
    "iters": 8000,
    "seed": 3,
    "energy_best": 16.30969468013589,
    "energy_median": 16.309850824222433,
    "energy_min": 16.30969468013589,
    "energy_max": 304.69791211330056
  },
  "angles_stats_all": {
    "count": 15,
    "min_deg": 87.67200240060423,
    "max_deg": 177.62464960107738,
    "mean_deg": 107.43268770194682,
    "p10_deg": 88.5752967462814,
    "p50_deg": 90.98234710696912,
    "p90_deg": 177.1420510924306,
    "std_deg": 34.923456007175204
  },
  "angles_stats_by_type": {
    "BB": {
      "count": 1,
      "min_deg": 87.67200240060423,
      "max_deg": 87.67200240060423,
      "mean_deg": 87.67200240060423,
      "p10_deg": 87.67200240060423,
      "p50_deg": 87.67200240060423,
      "p90_deg": 87.67200240060423,
      "std_deg": 0.0
    },
    "BL": {
      "count": 8,
      "min_deg": 88.54145840481652,
      "max_deg": 177.62464960107738,
      "mean_deg": 111.25155991197713,
      "p10_deg": 88.60067550238006,
      "p50_deg": 89.46514445903571,
      "p90_deg": 177.58289677984766,
      "std_deg": 38.30656766824996
    },
    "LL": {
      "count": 6,
      "min_deg": 90.98234710696912,
      "max_deg": 176.50762366066695,
      "mean_deg": 105.63430563879682,
      "p10_deg": 91.1059419186065,
      "p50_deg": 91.3029440868814,
      "p90_deg": 134.49403091090258,
      "std_deg": 31.699136814213723
    }
  },
  "angles_all_deg": [
    87.67200240060423,
    177.62464960107738,
    88.77168951711364,
    88.54145840481652,
    89.89429956148331,
    89.953335882653,
    88.62605425847872,
    89.0359893565881,
    177.56500271360633,
    91.22953673024391,
    91.36255766687793,
    92.4804381611382,
    176.50762366066695,
    91.24333050688486,
    90.98234710696912
  ],
  "points_xyz": [
    [
      0.5470490337934946,
      0.7329859776200114,
      0.404312887796123
    ],
    [
      0.6243736709988277,
      0.020152011826062646,
      -0.7808658113804253
    ],
    [
      -0.5221890432038814,
      -0.7320760031594962,
      -0.43747380350808696
    ],
    [
      0.6063656050630791,
      -0.664347443085021,
      0.4369933956742147
    ],
    [
      -0.5572817658062104,
      0.698375187835975,
      -0.4491203964584318
    ],
    [
      -0.6008323885355854,
      0.01003764211282065,
      0.7993120083092949
    ]
  ]
}