{
  "tag": "MAP_N6_NB2_NL4_a1p6_s3",
  "N": 6,
  "types": [
    "B",
    "B",
    "L",
    "L",
    "L",
    "L"
  ],
  "alpha": 1.6,
  "energy": 26.041159843021738,
  "diag": {
    "restarts": 200,
    "iters": 8000,
    "seed": 3,
    "energy_best": 26.041159843021738,
    "energy_median": 26.041501030348773,
    "energy_min": 26.041159843021738,
    "energy_max": 315.4363901544482
  },
  "angles_stats_all": {
    "count": 15,
    "min_deg": 83.18094988975339,
    "max_deg": 173.04710433140156,
    "mean_deg": 106.12653014035139,
    "p10_deg": 85.36336423590897,
    "p50_deg": 93.92737164599829,
    "p90_deg": 170.9743367147376,
    "std_deg": 32.86422530979
  },
  "angles_stats_by_type": {
    "BB": {
      "count": 1,
      "min_deg": 83.18094988975339,
      "max_deg": 83.18094988975339,
      "mean_deg": 83.18094988975339,
      "p10_deg": 83.18094988975339,
      "p50_deg": 83.18094988975339,
      "p90_deg": 83.18094988975339,
      "std_deg": 0.0
    },
    "BL": {
      "count": 8,
      "min_deg": 85.2893110755788,
      "max_deg": 173.04710433140156,
      "mean_deg": 108.4628581918958,
      "p10_deg": 85.4189041061566,
      "p50_deg": 87.73645196733425,
      "p90_deg": 173.01928633481458,
      "std_deg": 37.318842587993146
    },
    "LL": {
      "count": 6,
      "min_deg": 93.92737164599829,
      "max_deg": 167.92479528242805,
      "mean_deg": 106.83568944672517,
      "p10_deg": 93.95878801715884,
      "p50_deg": 94.02431737695142,
      "p90_deg": 132.52396294606527,
      "std_deg": 27.34382001064511
    }
  },
  "angles_all_deg": [
    83.18094988975339,
    173.0073643362773,
    85.54265829521638,
    89.86907958561973,
    85.47444397640423,
    89.82660791841818,
    85.64629601625032,
    173.04710433140156,
    85.2893110755788,
    94.00639771801205,
    97.1231306097025,
    93.92737164599829,
    94.04223703589078,
    167.92479528242805,
    93.99020438831937
  ],
  "points_xyz": [
    [
      -0.978556253824199,
      -0.1988894872099196,
      0.053578260320065796
    ],
    [
      -0.31741808372178193,
      0.8533123676974969,
      -0.4136469065046706
    ],
    [
      0.9466391123473462,
      0.3045398337412302,
      -0.10549824945984702
    ],
    [
      -0.12627808683571343,
      0.4663992700162158,
      0.8755144577409633
    ],
    [
      0.2005557870724537,
      -0.8851200872959716,
      0.4199283359537912
    ],
    [
      -0.05546438462266136,
      -0.3732977121435977,
      -0.9260521152434054
    ]
  ]
}