{
  "tag": "MAP_N6_NB2_NL4_a1p45_s1",
  "N": 6,
  "types": [
    "B",
    "B",
    "L",
    "L",
    "L",
    "L"
  ],
  "alpha": 1.45,
  "energy": 22.58162653255477,
  "diag": {
    "restarts": 200,
    "iters": 8000,
    "seed": 1,
    "energy_best": 22.58162653255477,
    "energy_median": 22.581886691156317,
    "energy_min": 22.58162653255477,
    "energy_max": 413.24925332285295
  },
  "angles_stats_all": {
    "count": 15,
    "min_deg": 84.09911149845853,
    "max_deg": 174.20871151754224,
    "mean_deg": 106.46484796930791,
    "p10_deg": 86.31540452735447,
    "p50_deg": 93.25719342997493,
    "p90_deg": 172.47952350126698,
    "std_deg": 33.34395737587679
  },
  "angles_stats_by_type": {
    "BB": {
      "count": 1,
      "min_deg": 84.09911149845853,
      "max_deg": 84.09911149845853,
      "mean_deg": 84.09911149845853,
      "p10_deg": 84.09911149845853,
      "p50_deg": 84.09911149845853,
      "p90_deg": 84.09911149845853,
      "std_deg": 0.0
    },
    "BL": {
      "count": 8,
      "min_deg": 86.28983105538897,
      "max_deg": 174.20871151754224,
      "mean_deg": 109.20857568326267,
      "p10_deg": 86.33458463132861,
      "p50_deg": 88.15988519541142,
      "p90_deg": 174.072843106668,
      "std_deg": 37.50162743594486
    },
    "LL": {
      "count": 6,
      "min_deg": 93.25719342997493,
      "max_deg": 170.17688807158464,
      "mean_deg": 106.53416709584316,
      "p10_deg": 93.25743500887103,
      "p50_deg": 93.31874161347173,
      "p90_deg": 133.02632466518673,
      "std_deg": 28.47758354282404
    }
  },
  "angles_all_deg": [
    84.09911149845853,
    174.01461378772188,
    86.28983105538897,
    90.10961475243147,
    86.35376473530273,
    89.91551003620879,
    86.37229922689124,
    174.20871151754224,
    86.40426035461407,
    93.33956410467522,
    95.8757612587888,
    93.29791912226823,
    93.25719342997493,
    170.17688807158464,
    93.25767658776714
  ],
  "points_xyz": [
    [
      -0.3238331127048184,
      -0.7193133977342252,
      0.6145895792770595
    ],
    [
      -0.8113895722480291,
      -0.2349323041329234,
      -0.53521376525829
    ],
    [
      0.2405893415452285,
      0.698402656214309,
      -0.6740552637044169
    ],
    [
      0.46473143002902284,
      -0.7288161990549271,
      -0.5028435601042419
    ],
    [
      0.7829815183541735,
      0.16306024501057076,
      0.6002926772940727
    ],
    [
      -0.595038320344912,
      0.6182376077037549,
      0.5135286338091032
    ]
  ]
}