{
  "tag": "MAP_N6_NB2_NL4_a1p8_s4",
  "N": 6,
  "types": [
    "B",
    "B",
    "L",
    "L",
    "L",
    "L"
  ],
  "alpha": 1.8,
  "energy": 30.986814671232374,
  "diag": {
    "restarts": 200,
    "iters": 8000,
    "seed": 4,
    "energy_best": 30.986814671232374,
    "energy_median": 30.987230789770905,
    "energy_min": 30.986814671232374,
    "energy_max": 711.0066769654052
  },
  "angles_stats_all": {
    "count": 15,
    "min_deg": 81.5874249455279,
    "max_deg": 171.66329378459304,
    "mean_deg": 105.64477515693761,
    "p10_deg": 84.2480504458068,
    "p50_deg": 94.80723487291176,
    "p90_deg": 168.72634866372468,
    "std_deg": 32.23545946480575
  },
  "angles_stats_by_type": {
    "BB": {
      "count": 1,
      "min_deg": 81.5874249455279,
      "max_deg": 81.5874249455279,
      "mean_deg": 81.5874249455279,
      "p10_deg": 81.5874249455279,
      "p50_deg": 81.5874249455279,
      "p90_deg": 81.5874249455279,
      "std_deg": 0.0
    },
    "BL": {
      "count": 8,
      "min_deg": 84.21923972015077,
      "max_deg": 171.66329378459304,
      "mean_deg": 107.48475499046188,
      "p10_deg": 84.26965849004883,
      "p50_deg": 87.01246134766987,
      "p90_deg": 171.37634618262808,
      "std_deg": 37.00530792199807
    },
    "LL": {
      "count": 6,
      "min_deg": 94.80723487291176,
      "max_deg": 164.93581870091845,
      "mean_deg": 107.20102708080691,
      "p10_deg": 94.84405256844062,
      "p50_deg": 94.95595167569701,
      "p90_deg": 131.80307699828313,
      "std_deg": 25.856521945123667
    }
  },
  "angles_all_deg": [
    81.5874249455279,
    90.07621336374916,
    84.35884095537794,
    171.25336863892883,
    84.21923972015077,
    171.66329378459304,
    84.34973518664255,
    89.66608173996181,
    84.29126653429084,
    94.80723487291176,
    98.67033529564779,
    94.99720821023631,
    94.88087026396948,
    164.93581870091845,
    94.9146951411577
  ],
  "points_xyz": [
    [
      -0.5182252326538263,
      -0.049847113508983944,
      -0.8537902983260646
    ],
    [
      0.6313053074684173,
      -0.5744692496668554,
      -0.5209977830561346
    ],
    [
      -0.713498953246977,
      0.5744966911199347,
      0.4010895107176383
    ],
    [
      0.47538823815858716,
      0.7572337253477742,
      -0.447887383408381
    ],
    [
      0.6204908708126218,
      -0.038620990515843404,
      0.7832620878925327
    ],
    [
      -0.4564035992517763,
      -0.8647479008171792,
      0.20953954906486236
    ]
  ]
}