{
  "tag": "MAP_N6_NB2_NL4_a1p75_s4",
  "N": 6,
  "types": [
    "B",
    "B",
    "L",
    "L",
    "L",
    "L"
  ],
  "alpha": 1.75,
  "energy": 29.714911921584445,
  "diag": {
    "restarts": 200,
    "iters": 8000,
    "seed": 4,
    "energy_best": 29.714911921584445,
    "energy_median": 29.71521223285982,
    "energy_min": 29.714911921584445,
    "energy_max": 670.2166978662859
  },
  "angles_stats_all": {
    "count": 15,
    "min_deg": 81.92078341765387,
    "max_deg": 172.13007679264697,
    "mean_deg": 105.75441973495302,
    "p10_deg": 84.40963040759898,
    "p50_deg": 94.52552703318166,
    "p90_deg": 169.14035699862205,
    "std_deg": 32.37323019302801
  },
  "angles_stats_by_type": {
    "BB": {
      "count": 1,
      "min_deg": 81.92078341765387,
      "max_deg": 81.92078341765387,
      "mean_deg": 81.92078341765387,
      "p10_deg": 81.92078341765387,
      "p50_deg": 81.92078341765387,
      "p90_deg": 81.92078341765387,
      "std_deg": 0.0
    },
    "BL": {
      "count": 8,
      "min_deg": 84.3088465317157,
      "max_deg": 172.13007679264697,
      "mean_deg": 107.7129864459178,
      "p10_deg": 84.48521831451143,
      "p50_deg": 87.14810202012336,
      "p90_deg": 171.69539680060876,
      "std_deg": 37.0767762464118
    },
    "LL": {
      "count": 6,
      "min_deg": 94.52552703318166,
      "max_deg": 165.58723443338081,
      "mean_deg": 107.11527017321653,
      "p10_deg": 94.58421896258687,
      "p50_deg": 94.8282545278785,
      "p90_deg": 131.9333370291842,
      "std_deg": 26.182214797651614
    }
  },
  "angles_all_deg": [
    81.92078341765387,
    84.56080622142389,
    84.3088465317157,
    90.20945076227406,
    171.50910537544954,
    84.70607326626228,
    84.68940184358569,
    172.13007679264697,
    89.59013077398446,
    165.58723443338081,
    94.64291089199207,
    94.87744311238912,
    94.52552703318166,
    94.77906594336787,
    98.27943962498756
  ],
  "points_xyz": [
    [
      -0.5208229331982245,
      0.5068150738622355,
      0.6869366442116878
    ],
    [
      0.012922934796522595,
      0.8949807652118786,
      -0.4459175121667739
    ],
    [
      0.8002489228340143,
      0.3382492313195266,
      0.4951657490323308
    ],
    [
      -0.8870817754795659,
      -0.10745272360298154,
      -0.4489318832543778
    ],
    [
      -0.08581951497916512,
      -0.8340533398545996,
      0.5449679230249507
    ],
    [
      0.5253492260994781,
      -0.3791307031363538,
      -0.7617533069019219
    ]
  ]
}