{
  "tag": "MAP_N6_NB2_NL4_a1p05_s1",
  "N": 6,
  "types": [
    "B",
    "B",
    "L",
    "L",
    "L",
    "L"
  ],
  "alpha": 1.05,
  "energy": 14.412256785246875,
  "diag": {
    "restarts": 200,
    "iters": 8000,
    "seed": 1,
    "energy_best": 14.412256785246875,
    "energy_median": 14.412404969674068,
    "energy_min": 14.412256785246875,
    "energy_max": 160.47196970891534
  },
  "angles_stats_all": {
    "count": 15,
    "min_deg": 89.052274565556,
    "max_deg": 179.22690210372903,
    "mean_deg": 107.78245692844828,
    "p10_deg": 89.4467595121081,
    "p50_deg": 90.41131665300965,
    "p90_deg": 178.78431134859093,
    "std_deg": 35.573591416058264
  },
  "angles_stats_by_type": {
    "BB": {
      "count": 1,
      "min_deg": 89.052274565556,
      "max_deg": 89.052274565556,
      "mean_deg": 89.052274565556,
      "p10_deg": 89.052274565556,
      "p50_deg": 89.052274565556,
      "p90_deg": 89.052274565556,
      "std_deg": 0.0
    },
    "BL": {
      "count": 8,
      "min_deg": 89.42531830948491,
      "max_deg": 179.22690210372903,
      "mean_deg": 112.02389504002474,
      "p10_deg": 89.46284041407549,
      "p50_deg": 89.72367082310848,
      "p90_deg": 178.95623230548077,
      "std_deg": 38.688795167860555
    },
    "LL": {
      "count": 6,
      "min_deg": 90.41131665300965,
      "max_deg": 178.70043192641583,
      "mean_deg": 105.24890317349507,
      "p10_deg": 90.41561594225092,
      "p50_deg": 90.495454901094,
      "p90_deg": 134.8356386771402,
      "std_deg": 32.84907823178391
    }
  },
  "angles_all_deg": [
    89.052274565556,
    90.18891414740334,
    89.58353183394647,
    89.47892131604289,
    178.84023096337435,
    179.22690210372903,
    89.6593840176332,
    89.42531830948491,
    89.78795762858375,
    90.48308662171233,
    90.41991523149221,
    90.97084542786456,
    178.70043192641583,
    90.41131665300965,
    90.5078231804757
  ],
  "points_xyz": [
    [
      -0.47917192770112466,
      -0.49546024608772515,
      -0.7245090808608813
    ],
    [
      0.10144706478453802,
      0.7769958481357493,
      -0.6212776714371839
    ],
    [
      -0.11005547778170842,
      -0.782699154816982,
      0.6125927071546166
    ],
    [
      0.8679945682838713,
      -0.37025947667704323,
      -0.3308977929218295
    ],
    [
      -0.8740764849234538,
      0.37446894091404365,
      0.3094564764140085
    ],
    [
      0.4812621304694715,
      0.511264434368587,
      0.7120361226270434
    ]
  ]
}