{
  "tag": "MAP_N6_NB2_NL4_a1p8_s3",
  "N": 6,
  "types": [
    "B",
    "B",
    "L",
    "L",
    "L",
    "L"
  ],
  "alpha": 1.8,
  "energy": 30.98683198800502,
  "diag": {
    "restarts": 200,
    "iters": 8000,
    "seed": 3,
    "energy_best": 30.98683198800502,
    "energy_median": 30.987218024694023,
    "energy_min": 30.98683198800502,
    "energy_max": 377.5269416258871
  },
  "angles_stats_all": {
    "count": 15,
    "min_deg": 81.7672453035602,
    "max_deg": 171.6335916913849,
    "mean_deg": 105.65892638008191,
    "p10_deg": 84.1374433039475,
    "p50_deg": 94.84903215879368,
    "p90_deg": 168.87646079606748,
    "std_deg": 32.25893964277518
  },
  "angles_stats_by_type": {
    "BB": {
      "count": 1,
      "min_deg": 81.7672453035602,
      "max_deg": 81.7672453035602,
      "mean_deg": 81.7672453035602,
      "p10_deg": 81.7672453035602,
      "p50_deg": 81.7672453035602,
      "p90_deg": 81.7672453035602,
      "std_deg": 0.0
    },
    "BL": {
      "count": 8,
      "min_deg": 84.09711153857286,
      "max_deg": 171.6335916913849,
      "mean_deg": 107.49669336854899,
      "p10_deg": 84.1676921279785,
      "p50_deg": 87.14238999946457,
      "p90_deg": 171.59742855028975,
      "std_deg": 37.08456346376949
    },
    "LL": {
      "count": 6,
      "min_deg": 94.84903215879368,
      "max_deg": 164.8182568982952,
      "mean_deg": 107.19051724154609,
      "p10_deg": 94.86470664276122,
      "p50_deg": 95.02380156792054,
      "p90_deg": 131.6830435139565,
      "std_deg": 25.805564247081357
    }
  },
  "angles_all_deg": [
    81.7672453035602,
    84.3116873217505,
    171.6335916913849,
    84.19794095200949,
    89.81856553033634,
    84.46621446859281,
    89.86650538449598,
    84.09711153857286,
    171.58193006124898,
    94.88038112672876,
    164.8182568982952,
    95.00364689234567,
    95.04395624349543,
    98.54783012961781,
    94.84903215879368
  ],
  "points_xyz": [
    [
      0.5107537017449747,
      0.22241594550161375,
      0.8304587908743145
    ],
    [
      -0.18404360527162203,
      0.9826618793612231,
      0.022440637443988814
    ],
    [
      0.8416617687428637,
      0.26649527793214284,
      -0.4696655553439106
    ],
    [
      -0.5423874094770365,
      -0.08011495616710372,
      -0.8362998815252413
    ],
    [
      -0.7835949691829429,
      -0.056232439954447676,
      0.6187219383276725
    ],
    [
      0.2578042693829996,
      -0.9607379887243874,
      0.10256449536616788
    ]
  ]
}