{
  "tag": "MAP_N6_NB2_NL4_a2p1_s2",
  "N": 6,
  "types": [
    "B",
    "B",
    "L",
    "L",
    "L",
    "L"
  ],
  "alpha": 2.1,
  "energy": 39.114299533436714,
  "diag": {
    "restarts": 200,
    "iters": 8000,
    "seed": 2,
    "energy_best": 39.114299533436714,
    "energy_median": 39.11473854414204,
    "energy_min": 39.114299533436714,
    "energy_max": 1238.0303579470713
  },
  "angles_stats_all": {
    "count": 15,
    "min_deg": 80.42162737502167,
    "max_deg": 170.05194028759396,
    "mean_deg": 105.0704758192032,
    "p10_deg": 82.61520388033779,
    "p50_deg": 95.9841994155432,
    "p90_deg": 166.31037308321385,
    "std_deg": 31.596788963024405
  },
  "angles_stats_by_type": {
    "BB": {
      "count": 1,
      "min_deg": 80.42162737502167,
      "max_deg": 80.42162737502167,
      "mean_deg": 80.42162737502167,
      "p10_deg": 80.42162737502167,
      "p50_deg": 80.42162737502167,
      "p90_deg": 80.42162737502167,
      "std_deg": 0.0
    },
    "BL": {
      "count": 8,
      "min_deg": 82.61064728175778,
      "max_deg": 170.05194028759396,
      "mean_deg": 106.24399882740138,
      "p10_deg": 82.6186213292728,
      "p50_deg": 86.17312659012015,
      "p90_deg": 170.03539501004275,
      "std_deg": 36.94221921958224
    },
    "LL": {
      "count": 6,
      "min_deg": 95.9841994155432,
      "max_deg": 160.7334764428249,
      "mean_deg": 107.61391988230257,
      "p10_deg": 96.00437843016371,
      "p50_deg": 96.30156360852185,
      "p90_deg": 130.5358176082221,
      "std_deg": 23.805244446074113
    }
  },
  "angles_all_deg": [
    80.42162737502167,
    82.61064728175778,
    82.62203877820781,
    89.63162295358845,
    170.0283041768065,
    82.73821983180642,
    82.66118396101629,
    170.05194028759396,
    89.60803334843389,
    160.7334764428249,
    96.22586303428481,
    96.37726418275888,
    95.9841994155432,
    96.02455744478421,
    100.33815877361927
  ],
  "points_xyz": [
    [
      0.11850541479113894,
      0.05011974450936169,
      -0.9916876917031372
    ],
    [
      0.31794557180836347,
      -0.9314646837853088,
      -0.17687327731510932
    ],
    [
      -0.8850471776586679,
      -0.38935901135602835,
      -0.2551294839768274
    ],
    [
      0.9802195290649365,
      0.1978993047814829,
      -0.002353721886754638
    ],
    [
      -0.29899681492251967,
      0.9542351583362022,
      0.0060139222868050585
    ],
    [
      -0.061623754152084584,
      -0.21351789403027976,
      0.9749936522116838
    ]
  ]
}