{
  "tag": "MAP_N6_NB2_NL4_a1p7_s2",
  "N": 6,
  "types": [
    "B",
    "B",
    "L",
    "L",
    "L",
    "L"
  ],
  "alpha": 1.7,
  "energy": 28.466521350343363,
  "diag": {
    "restarts": 200,
    "iters": 8000,
    "seed": 2,
    "energy_best": 28.466521350343363,
    "energy_median": 28.466900931442364,
    "energy_min": 28.466521350343363,
    "energy_max": 726.7894913536051
  },
  "angles_stats_all": {
    "count": 15,
    "min_deg": 82.27488750850532,
    "max_deg": 172.21484921667695,
    "mean_deg": 105.87505296531572,
    "p10_deg": 84.73872069823837,
    "p50_deg": 94.42255160443248,
    "p90_deg": 169.8552313140234,
    "std_deg": 32.527989773700696
  },
  "angles_stats_by_type": {
    "BB": {
      "count": 1,
      "min_deg": 82.27488750850532,
      "max_deg": 82.27488750850532,
      "mean_deg": 82.27488750850532,
      "p10_deg": 82.27488750850532,
      "p50_deg": 82.27488750850532,
      "p90_deg": 82.27488750850532,
      "std_deg": 0.0
    },
    "BL": {
      "count": 8,
      "min_deg": 84.73298520885227,
      "max_deg": 172.21484921667695,
      "mean_deg": 107.96570752769887,
      "p10_deg": 84.74302231527795,
      "p50_deg": 87.47298874795919,
      "p90_deg": 172.20122616664415,
      "std_deg": 37.146411349805796
    },
    "LL": {
      "count": 6,
      "min_deg": 94.42255160443248,
      "max_deg": 166.34499671011338,
      "mean_deg": 107.02087445827321,
      "p10_deg": 94.44170153063637,
      "p50_deg": 94.51696589041825,
      "p90_deg": 132.103955953765,
      "std_deg": 26.55934496077585
    }
  },
  "angles_all_deg": [
    82.27488750850532,
    84.74732393231753,
    172.19538771663008,
    84.9474799399873,
    89.94165671120855,
    85.02533617906019,
    89.9206413168582,
    84.73298520885227,
    172.21484921667695,
    94.57060461461224,
    166.34499671011338,
    94.46332716622427,
    94.42255160443248,
    97.86291519741661,
    94.46085145684025
  ],
  "points_xyz": [
    [
      -0.0780612185008542,
      0.12422556907822031,
      -0.9891786765561388
    ],
    [
      0.9097398651612126,
      -0.33194534617154287,
      -0.24937053733653736
    ],
    [
      0.422659093427734,
      0.9062079927205424,
      -0.012098126807531825
    ],
    [
      0.2037415798718166,
      -0.17008954776135196,
      0.964136356732633
    ],
    [
      -0.29196618342218345,
      -0.9385892358251139,
      -0.183864064273345
    ],
    [
      -0.9297675460079011,
      0.3493234212866878,
      0.1162129843477421
    ]
  ]
}