{
  "tag": "MAP_N6_NB2_NL4_a1p55_s3",
  "N": 6,
  "types": [
    "B",
    "B",
    "L",
    "L",
    "L",
    "L"
  ],
  "alpha": 1.55,
  "energy": 24.864125833027366,
  "diag": {
    "restarts": 200,
    "iters": 8000,
    "seed": 3,
    "energy_best": 24.864125833027366,
    "energy_median": 24.86443513113636,
    "energy_min": 24.864125833027366,
    "energy_max": 292.29087167328805
  },
  "angles_stats_all": {
    "count": 15,
    "min_deg": 83.29066196624841,
    "max_deg": 173.31764451452338,
    "mean_deg": 106.23030503519293,
    "p10_deg": 85.773276416719,
    "p50_deg": 93.48284351604472,
    "p90_deg": 171.42436550394567,
    "std_deg": 33.00185531476839
  },
  "angles_stats_by_type": {
    "BB": {
      "count": 1,
      "min_deg": 83.29066196624841,
      "max_deg": 83.29066196624841,
      "mean_deg": 83.29066196624841,
      "p10_deg": 83.29066196624841,
      "p50_deg": 83.29066196624841,
      "p90_deg": 83.29066196624841,
      "std_deg": 0.0
    },
    "BL": {
      "count": 8,
      "min_deg": 85.74473881088083,
      "max_deg": 173.31764451452338,
      "mean_deg": 108.71129780427611,
      "p10_deg": 85.79467962109763,
      "p50_deg": 87.89761087882306,
      "p90_deg": 173.18157215499147,
      "std_deg": 37.28180122424923
    },
    "LL": {
      "count": 6,
      "min_deg": 93.48284351604472,
      "max_deg": 168.87603061564747,
      "mean_deg": 106.74558852123937,
      "p10_deg": 93.55797304293598,
      "p50_deg": 93.81759566681855,
      "p90_deg": 132.8611968539636,
      "std_deg": 27.80980721957538
    }
  },
  "angles_all_deg": [
    83.29066196624841,
    89.83291931746521,
    85.81608282547626,
    173.31764451452338,
    85.86318718250472,
    173.12325542947778,
    85.74473881088083,
    90.0302519136999,
    85.96230244018089,
    93.71253565297829,
    96.84636309227973,
    93.63310256982724,
    93.9226556806588,
    168.87603061564747,
    93.48284351604472
  ],
  "points_xyz": [
    [
      -0.9149309778349745,
      -0.38032028872801005,
      -0.13512136685136208
    ],
    [
      0.2749580893987203,
      -0.758955072255659,
      -0.5902416855590706
    ],
    [
      -0.38700732463839305,
      0.7176551651564498,
      0.5789614793753572
    ],
    [
      0.0808478391415546,
      -0.6536627387778274,
      0.7524550822737602
    ],
    [
      0.9529849992690815,
      0.2961842867401912,
      0.06398796337056603
    ],
    [
      -0.16421582236141588,
      0.50617508676252,
      -0.8466521985013203
    ]
  ]
}