{
  "tag": "MAP_N6_NB2_NL4_a1p45_s2",
  "N": 6,
  "types": [
    "B",
    "B",
    "L",
    "L",
    "L",
    "L"
  ],
  "alpha": 1.45,
  "energy": 22.58160437775015,
  "diag": {
    "restarts": 200,
    "iters": 8000,
    "seed": 2,
    "energy_best": 22.58160437775015,
    "energy_median": 22.581880776967765,
    "energy_min": 22.58160437775015,
    "energy_max": 256.7456670269429
  },
  "angles_stats_all": {
    "count": 15,
    "min_deg": 84.3143695444439,
    "max_deg": 174.3293138955398,
    "mean_deg": 106.5133845863092,
    "p10_deg": 86.34300833449907,
    "p50_deg": 93.09176123672582,
    "p90_deg": 172.72464604992626,
    "std_deg": 33.41542979294984
  },
  "angles_stats_by_type": {
    "BB": {
      "count": 1,
      "min_deg": 84.3143695444439,
      "max_deg": 84.3143695444439,
      "mean_deg": 84.3143695444439,
      "p10_deg": 84.3143695444439,
      "p50_deg": 84.3143695444439,
      "p90_deg": 84.3143695444439,
      "std_deg": 0.0
    },
    "BL": {
      "count": 8,
      "min_deg": 86.26195703027471,
      "max_deg": 174.3293138955398,
      "mean_deg": 109.29679420398,
      "p10_deg": 86.40379681266735,
      "p50_deg": 88.30204995379424,
      "p90_deg": 174.2350141688301,
      "std_deg": 37.53447227203763
    },
    "LL": {
      "count": 6,
      "min_deg": 93.09176123672582,
      "max_deg": 170.51971512445525,
      "mean_deg": 106.50200760305903,
      "p10_deg": 93.10590814982028,
      "p50_deg": 93.2467008993753,
      "p90_deg": 133.15341375998145,
      "std_deg": 28.645521335655914
    }
  },
  "angles_all_deg": [
    84.3143695444439,
    174.3293138955398,
    86.46458529083563,
    86.50404782821695,
    89.8830354483685,
    90.01574967914414,
    86.26195703027471,
    86.72106445921999,
    174.19460000024026,
    93.27692452755323,
    93.09176123672582,
    95.78711239550768,
    170.51971512445525,
    93.21647727119738,
    93.12005506291474
  ],
  "points_xyz": [
    [
      0.8596825019091155,
      -0.35845177150588775,
      0.36394824277027965
    ],
    [
      -0.42312435511445756,
      -0.6291036149045076,
      0.6520693382018935
    ],
    [
      -0.9059493237869256,
      0.29656314385175164,
      -0.3021690328918201
    ],
    [
      0.027462436007297246,
      0.6579400980574209,
      0.7525693602431185
    ],
    [
      0.021379236360210843,
      -0.7683374515706246,
      -0.6396878057041672
    ],
    [
      0.5125727000638916,
      0.5980556075132695,
      -0.6161158312128864
    ]
  ]
}