{
  "tag": "MAP_N6_NB2_NL4_a1p35_s4",
  "N": 6,
  "types": [
    "B",
    "B",
    "L",
    "L",
    "L",
    "L"
  ],
  "alpha": 1.35,
  "energy": 20.394749372297337,
  "diag": {
    "restarts": 200,
    "iters": 8000,
    "seed": 4,
    "energy_best": 20.394749372297337,
    "energy_median": 20.39501272138234,
    "energy_min": 20.394749372297337,
    "energy_max": 310.4197335369546
  },
  "angles_stats_all": {
    "count": 15,
    "min_deg": 84.9989353074519,
    "max_deg": 175.01144981334213,
    "mean_deg": 106.78559489109827,
    "p10_deg": 87.24570059805622,
    "p50_deg": 92.39962300783873,
    "p90_deg": 174.06788726510496,
    "std_deg": 33.8271663547054
  },
  "angles_stats_by_type": {
    "BB": {
      "count": 1,
      "min_deg": 84.9989353074519,
      "max_deg": 84.9989353074519,
      "mean_deg": 84.9989353074519,
      "p10_deg": 84.9989353074519,
      "p50_deg": 84.9989353074519,
      "p90_deg": 84.9989353074519,
      "std_deg": 0.0
    },
    "BL": {
      "count": 8,
      "min_deg": 87.2238940295759,
      "max_deg": 175.01144981334213,
      "mean_deg": 109.90306139481373,
      "p10_deg": 87.26205552441647,
      "p50_deg": 88.70305564078016,
      "p90_deg": 174.9963037444901,
      "std_deg": 37.60025735276011
    },
    "LL": {
      "count": 6,
      "min_deg": 92.39962300783873,
      "max_deg": 172.684999304575,
      "mean_deg": 106.26008281675202,
      "p10_deg": 92.41146137370896,
      "p50_deg": 92.52763816785541,
      "p90_deg": 133.8411489086917,
      "std_deg": 29.720527802664357
    }
  },
  "angles_all_deg": [
    84.9989353074519,
    89.9911036203502,
    87.30211807287397,
    87.41500766121013,
    175.01144981334213,
    174.98981257212495,
    87.2238940295759,
    87.2784104507767,
    90.01269493825593,
    92.5976824859621,
    92.45759384974873,
    94.99729851280843,
    172.684999304575,
    92.42329973957918,
    92.39962300783873
  ],
  "points_xyz": [
    [
      0.12263296096882735,
      -0.9879177263215946,
      -0.09476139986085577
    ],
    [
      -0.8229137284110406,
      -0.1375125464363762,
      -0.551274246782147
    ],
    [
      0.8372526081454655,
      0.05155616109923699,
      0.5443804114829309
    ],
    [
      -0.5639578754071904,
      -0.1946307405507116,
      0.802539961371949
    ],
    [
      0.5015089314611431,
      0.09904092617722456,
      -0.8594647675190995
    ],
    [
      -0.19532589256900887,
      0.9795814777061346,
      0.04762272805274702
    ]
  ]
}