{
  "tag": "MAP_N6_NB2_NL4_a2p2_s1",
  "N": 6,
  "types": [
    "B",
    "B",
    "L",
    "L",
    "L",
    "L"
  ],
  "alpha": 2.2,
  "energy": 42.011435026845824,
  "diag": {
    "restarts": 200,
    "iters": 8000,
    "seed": 1,
    "energy_best": 42.011435026845824,
    "energy_median": 42.011898235504944,
    "energy_min": 42.011435026845824,
    "energy_max": 569.3195671682979
  },
  "angles_stats_all": {
    "count": 15,
    "min_deg": 80.13766754391031,
    "max_deg": 169.9817478571146,
    "mean_deg": 104.90119630373373,
    "p10_deg": 81.91184165181792,
    "p50_deg": 96.52523441664063,
    "p90_deg": 165.42492291624305,
    "std_deg": 31.43752256064079
  },
  "angles_stats_by_type": {
    "BB": {
      "count": 1,
      "min_deg": 80.13766754391031,
      "max_deg": 80.13766754391031,
      "mean_deg": 80.13766754391031,
      "p10_deg": 80.13766754391031,
      "p50_deg": 80.13766754391031,
      "p90_deg": 80.13766754391031,
      "std_deg": 0.0
    },
    "BL": {
      "count": 8,
      "min_deg": 81.87670975300536,
      "max_deg": 169.9817478571146,
      "mean_deg": 105.88686674695455,
      "p10_deg": 81.93819057592735,
      "p50_deg": 85.8612987170495,
      "p90_deg": 169.66220446207683,
      "std_deg": 37.00191062833402
    },
    "LL": {
      "count": 6,
      "min_deg": 96.52523441664063,
      "max_deg": 159.27442135144528,
      "mean_deg": 107.71422383940994,
      "p10_deg": 96.55505135715154,
      "p50_deg": 96.63694064600776,
      "p90_deg": 129.95067951507048,
      "std_deg": 23.105384582263103
    }
  },
  "angles_all_deg": [
    80.13766754391031,
    82.33366852214469,
    169.9817478571146,
    81.96453950003678,
    89.38892891195431,
    81.87670975300536,
    89.84705832795474,
    82.17702381065098,
    169.5252572927749,
    96.58486829766245,
    159.27442135144528,
    96.65620967051454,
    96.52523441664063,
    100.62693767869567,
    96.61767162150099
  ],
  "points_xyz": [
    [
      -0.18340484413342603,
      -0.9231794924801866,
      0.33779030153694295
    ],
    [
      0.050182370771678385,
      -0.5097572960232142,
      -0.8588534384950873
    ],
    [
      0.9491075335197465,
      -0.3064225952634875,
      0.07280166844277879
    ],
    [
      0.19081523178384732,
      0.8476448359920017,
      -0.49506340940870286
    ],
    [
      -0.9797003223257486,
      -0.02934506097118147,
      -0.19830820918817738
    ],
    [
      -0.08189433142183176,
      0.34662157222043166,
      0.9344232467958016
    ]
  ]
}