{
  "tag": "MAP_N6_NB2_NL4_a1p25_s4",
  "N": 6,
  "types": [
    "B",
    "B",
    "L",
    "L",
    "L",
    "L"
  ],
  "alpha": 1.25,
  "energy": 18.303979959388524,
  "diag": {
    "restarts": 200,
    "iters": 8000,
    "seed": 4,
    "energy_best": 18.303979959388524,
    "energy_median": 18.30419677492737,
    "energy_min": 18.303979959388524,
    "energy_max": 265.7947644263298
  },
  "angles_stats_all": {
    "count": 15,
    "min_deg": 86.44802332620235,
    "max_deg": 176.5103773666902,
    "mean_deg": 107.10408861526297,
    "p10_deg": 87.81995291155431,
    "p50_deg": 91.84126262062743,
    "p90_deg": 175.47384219889238,
    "std_deg": 34.3526111753455
  },
  "angles_stats_by_type": {
    "BB": {
      "count": 1,
      "min_deg": 86.44802332620235,
      "max_deg": 86.44802332620235,
      "mean_deg": 86.44802332620235,
      "p10_deg": 86.44802332620235,
      "p50_deg": 86.44802332620235,
      "p90_deg": 86.44802332620235,
      "std_deg": 0.0
    },
    "BL": {
      "count": 8,
      "min_deg": 87.78195369497232,
      "max_deg": 176.5103773666902,
      "mean_deg": 110.54262507265793,
      "p10_deg": 87.8484523239908,
      "p50_deg": 88.96372040996326,
      "p90_deg": 176.32887593397578,
      "std_deg": 38.02071387617195
    },
    "LL": {
      "count": 6,
      "min_deg": 91.84126262062743,
      "max_deg": 174.30797108872656,
      "mean_deg": 105.96205088691312,
      "p10_deg": 91.86700774657602,
      "p50_deg": 92.02526853138016,
      "p90_deg": 133.99387638278316,
      "std_deg": 30.571893822111505
    }
  },
  "angles_all_deg": [
    86.44802332620235,
    87.92662294537793,
    176.5103773666902,
    87.87695173642729,
    89.80605068784534,
    87.78195369497232,
    90.06656441219957,
    88.12139013208119,
    176.25108960566962,
    92.11356720479652,
    174.30797108872656,
    91.9369698579638,
    91.84126262062743,
    93.67978167683974,
    91.89275287252461
  ],
  "points_xyz": [
    [
      -0.4318270928189649,
      0.08994413260875232,
      -0.8974605366904888
    ],
    [
      0.6634128088387938,
      -0.599101669805267,
      -0.44828633071415713
    ],
    [
      0.5879752976282279,
      0.7705641076195575,
      -0.24600001103144647
    ],
    [
      0.4713320239230899,
      -0.1289746065595799,
      0.8724744546904313
    ],
    [
      -0.5733105825383751,
      -0.8047494308136216,
      0.15392637705949225
    ],
    [
      -0.6914374775854248,
      0.6082014424197383,
      0.38987846828063616
    ]
  ]
}