{
  "tag": "MAP_N6_NB2_NL4_a1p5_s2",
  "N": 6,
  "types": [
    "B",
    "B",
    "L",
    "L",
    "L",
    "L"
  ],
  "alpha": 1.5,
  "energy": 23.710921473994528,
  "diag": {
    "restarts": 200,
    "iters": 8000,
    "seed": 2,
    "energy_best": 23.710921473994528,
    "energy_median": 23.711207008966934,
    "energy_min": 23.710921473994528,
    "energy_max": 531.8550335790874
  },
  "angles_stats_all": {
    "count": 15,
    "min_deg": 83.81889941604317,
    "max_deg": 173.80332375932088,
    "mean_deg": 106.36279201915393,
    "p10_deg": 86.07991043771496,
    "p50_deg": 93.24170537424757,
    "p90_deg": 172.02332851993495,
    "std_deg": 33.192784170355516
  },
  "angles_stats_by_type": {
    "BB": {
      "count": 1,
      "min_deg": 83.81889941604317,
      "max_deg": 83.81889941604317,
      "mean_deg": 83.81889941604317,
      "p10_deg": 83.81889941604317,
      "p50_deg": 83.81889941604317,
      "p90_deg": 83.81889941604317,
      "std_deg": 0.0
    },
    "BL": {
      "count": 8,
      "min_deg": 86.05985546946198,
      "max_deg": 173.80332375932088,
      "mean_deg": 108.9731819463721,
      "p10_deg": 86.09495166390468,
      "p50_deg": 88.02013004783794,
      "p90_deg": 173.67305925687901,
      "std_deg": 37.40735749728807
    },
    "LL": {
      "count": 6,
      "min_deg": 93.24170537424757,
      "max_deg": 169.63247388037433,
      "mean_deg": 106.63958755004812,
      "p10_deg": 93.35047611410806,
      "p50_deg": 93.55353803078526,
      "p90_deg": 133.01474850525105,
      "std_deg": 28.191992901013105
    }
  },
  "angles_all_deg": [
    83.81889941604317,
    89.79917650604101,
    173.80332375932088,
    86.05985546946198,
    86.10999289009442,
    173.61723161297536,
    89.98504349540896,
    86.16974824803928,
    86.24108358963488,
    96.39702313012776,
    93.51535059529499,
    93.24170537424757,
    93.45924685396857,
    93.59172546627553,
    169.63247388037433
  ],
  "points_xyz": [
    [
      0.4971876758743407,
      0.7777515167440785,
      -0.38458678235342
    ],
    [
      0.8852661680835586,
      -0.4603185486254492,
      -0.06641269033861172
    ],
    [
      -0.834430059178197,
      0.5505246682962532,
      0.025476772503031708
    ],
    [
      -0.40434049607610434,
      -0.8327452094168539,
      0.37821181820007954
    ],
    [
      -0.1449164561127085,
      -0.2872098834205368,
      -0.9468419633778887
    ],
    [
      0.3118459704177765,
      0.3286931836489593,
      0.8914667025508619
    ]
  ]
}