{
  "tag": "MAP_N6_NB2_NL4_a2p15_s1",
  "N": 6,
  "types": [
    "B",
    "B",
    "L",
    "L",
    "L",
    "L"
  ],
  "alpha": 2.15,
  "energy": 40.55112162329524,
  "diag": {
    "restarts": 200,
    "iters": 8000,
    "seed": 1,
    "energy_best": 40.55112162329524,
    "energy_median": 40.55156805652418,
    "energy_min": 40.55112162329524,
    "energy_max": 546.3306928087427
  },
  "angles_stats_all": {
    "count": 15,
    "min_deg": 80.10692471846875,
    "max_deg": 170.02481753783175,
    "mean_deg": 104.9778395441747,
    "p10_deg": 82.25343740476741,
    "p50_deg": 96.0912303589527,
    "p90_deg": 165.7978489914347,
    "std_deg": 31.504739436281998
  },
  "angles_stats_by_type": {
    "BB": {
      "count": 1,
      "min_deg": 80.10692471846875,
      "max_deg": 80.10692471846875,
      "mean_deg": 80.10692471846875,
      "p10_deg": 80.10692471846875,
      "p50_deg": 80.10692471846875,
      "p90_deg": 80.10692471846875,
      "std_deg": 0.0
    },
    "BL": {
      "count": 8,
      "min_deg": 82.17782380165951,
      "max_deg": 170.02481753783175,
      "mean_deg": 106.0771274299521,
      "p10_deg": 82.31014760709834,
      "p50_deg": 86.03675549043021,
      "p90_deg": 169.7619158756874,
      "std_deg": 36.93459591202418
    },
    "LL": {
      "count": 6,
      "min_deg": 96.0912303589527,
      "max_deg": 160.02075687643412,
      "mean_deg": 107.65727483408914,
      "p10_deg": 96.25488826358043,
      "p50_deg": 96.49093110394972,
      "p90_deg": 130.22600513473728,
      "std_deg": 23.464895719610382
    }
  },
  "angles_all_deg": [
    80.10692471846875,
    82.17782380165951,
    82.40572610135433,
    89.91903947371316,
    169.64924373476842,
    82.36685780942926,
    82.53045414395763,
    170.02481753783175,
    89.54305683690278,
    160.02075687643412,
    96.51811475970413,
    96.41854616820815,
    96.0912303589527,
    96.46374744819532,
    100.43125339304044
  ],
  "points_xyz": [
    [
      0.8916176542177692,
      -0.44509212920739655,
      0.08313215505945215
    ],
    [
      0.5486923026284882,
      0.772738001389332,
      0.3190810841229359
    ],
    [
      -0.04016523941214694,
      -0.20352507084268695,
      0.9782455208593823
    ],
    [
      0.36783953914379375,
      0.27397149410874216,
      -0.888613354535202
    ],
    [
      -0.39965617944637455,
      -0.862009308578943,
      -0.31179302454285296
    ],
    [
      -0.8054325029588071,
      0.5921957192154432,
      -0.024139455677695296
    ]
  ]
}