{
  "tag": "MAP_N6_NB2_NL4_a1p35_s3",
  "N": 6,
  "types": [
    "B",
    "B",
    "L",
    "L",
    "L",
    "L"
  ],
  "alpha": 1.35,
  "energy": 20.394719623869587,
  "diag": {
    "restarts": 200,
    "iters": 8000,
    "seed": 3,
    "energy_best": 20.394719623869587,
    "energy_median": 20.395028967164567,
    "energy_min": 20.394719623869587,
    "energy_max": 296.00217463052525
  },
  "angles_stats_all": {
    "count": 15,
    "min_deg": 85.22421912858415,
    "max_deg": 175.30021485914497,
    "mean_deg": 106.79084454417857,
    "p10_deg": 87.14292026803719,
    "p50_deg": 92.50809618748222,
    "p90_deg": 174.01545107757912,
    "std_deg": 33.841164204148754
  },
  "angles_stats_by_type": {
    "BB": {
      "count": 1,
      "min_deg": 85.22421912858415,
      "max_deg": 85.22421912858415,
      "mean_deg": 85.22421912858415,
      "p10_deg": 85.22421912858415,
      "p50_deg": 85.22421912858415,
      "p90_deg": 85.22421912858415,
      "std_deg": 0.0
    },
    "BL": {
      "count": 8,
      "min_deg": 87.13228762742676,
      "max_deg": 175.30021485914497,
      "mean_deg": 109.89325545123192,
      "p10_deg": 87.15089474849502,
      "p50_deg": 88.58450601719446,
      "p90_deg": 175.18927183796316,
      "std_deg": 37.73460057470098
    },
    "LL": {
      "count": 6,
      "min_deg": 92.50809618748222,
      "max_deg": 172.32604045061996,
      "mean_deg": 106.24873423737317,
      "p10_deg": 92.53773096972915,
      "p50_deg": 92.65533755842102,
      "p90_deg": 133.55313418396935,
      "std_deg": 29.56146989836022
    }
  },
  "angles_all_deg": [
    85.22421912858415,
    87.13228762742676,
    90.07623811118694,
    175.14172482888523,
    87.24981799005204,
    87.15886922895284,
    175.30021485914497,
    89.91919404433686,
    87.16769691986968,
    92.56736575197607,
    92.50809618748222,
    172.32604045061996,
    94.78022791731874,
    92.66362922923763,
    92.6470458876044
  ],
  "points_xyz": [
    [
      0.948610519610953,
      0.07716181693839248,
      0.3068943402707253
    ],
    [
      0.06099443008132175,
      -0.9453063871876003,
      0.32043020120048155
    ],
    [
      -0.2685699967518893,
      0.24593122186902547,
      0.9313366689627861
    ],
    [
      0.016520577397503334,
      0.9551812894646419,
      -0.2955601034969319
    ],
    [
      -0.9474372086368852,
      -0.1570999555609198,
      -0.27871551742431583
    ],
    [
      0.35993155134784854,
      -0.325436140669308,
      -0.8743801213949214
    ]
  ]
}