{
  "tag": "MAP_N6_NB2_NL4_a1p4_s3",
  "N": 6,
  "types": [
    "B",
    "B",
    "L",
    "L",
    "L",
    "L"
  ],
  "alpha": 1.4,
  "energy": 21.476202937609557,
  "diag": {
    "restarts": 200,
    "iters": 8000,
    "seed": 3,
    "energy_best": 21.476202937609557,
    "energy_median": 21.476472151565062,
    "energy_min": 21.476202937609557,
    "energy_max": 326.13929922227334
  },
  "angles_stats_all": {
    "count": 15,
    "min_deg": 84.81450782491089,
    "max_deg": 174.75874948697285,
    "mean_deg": 106.66280639127305,
    "p10_deg": 86.76215533728578,
    "p50_deg": 92.6543374766294,
    "p90_deg": 173.46090807306788,
    "std_deg": 33.640774847342044
  },
  "angles_stats_by_type": {
    "BB": {
      "count": 1,
      "min_deg": 84.81450782491089,
      "max_deg": 84.81450782491089,
      "mean_deg": 84.81450782491089,
      "p10_deg": 84.81450782491089,
      "p50_deg": 84.81450782491089,
      "p90_deg": 84.81450782491089,
      "std_deg": 0.0
    },
    "BL": {
      "count": 8,
      "min_deg": 86.67126090188425,
      "max_deg": 174.75874948697285,
      "mean_deg": 109.61144402842928,
      "p10_deg": 86.83032616383693,
      "p50_deg": 88.46181939008216,
      "p90_deg": 174.74988542753235,
      "std_deg": 37.63007906520088
    },
    "LL": {
      "count": 6,
      "min_deg": 92.6543374766294,
      "max_deg": 171.53314036529724,
      "mean_deg": 106.3726726361251,
      "p10_deg": 92.75230941709009,
      "p50_deg": 92.94772866855547,
      "p90_deg": 133.4179798227297,
      "std_deg": 29.154571551688264
    }
  },
  "angles_all_deg": [
    84.81450782491089,
    86.98887243221434,
    174.75874948697285,
    89.93476634794999,
    86.67126090188425,
    86.89849699038807,
    89.94852494203803,
    174.746086544915,
    86.94479458107175,
    92.95086428398378,
    92.6543374766294,
    171.53314036529724,
    95.30281928016218,
    92.8502813575508,
    92.94459305312715
  ],
  "points_xyz": [
    [
      0.3323852649936074,
      0.9361843149564841,
      0.11436329850344513
    ],
    [
      -0.29255902437914016,
      0.08405007422711293,
      0.9525464830005634
    ],
    [
      -0.8820527365554693,
      0.39974085256428665,
      -0.24937967183831372
    ],
    [
      -0.35728211200695625,
      -0.9336230568388106,
      -0.026409850033721167
    ],
    [
      0.3214696782097543,
      0.0027549909879688887,
      -0.9469158653314314
    ],
    [
      0.8869154544916988,
      -0.29617384862464075,
      0.3544884031596121
    ]
  ]
}