{
  "tag": "MAP_N6_NB2_NL4_a2p05_s2",
  "N": 6,
  "types": [
    "B",
    "B",
    "L",
    "L",
    "L",
    "L"
  ],
  "alpha": 2.05,
  "energy": 37.70087678178236,
  "diag": {
    "restarts": 200,
    "iters": 8000,
    "seed": 2,
    "energy_best": 37.70087678178236,
    "energy_median": 37.70132432739684,
    "energy_min": 37.70087678178236,
    "energy_max": 1201.064964141727
  },
  "angles_stats_all": {
    "count": 15,
    "min_deg": 80.55297818196638,
    "max_deg": 170.52470702115673,
    "mean_deg": 105.18659801182936,
    "p10_deg": 82.82699551778734,
    "p50_deg": 95.7789535623771,
    "p90_deg": 166.71244741106472,
    "std_deg": 31.72054264688988
  },
  "angles_stats_by_type": {
    "BB": {
      "count": 1,
      "min_deg": 80.55297818196638,
      "max_deg": 80.55297818196638,
      "mean_deg": 80.55297818196638,
      "p10_deg": 80.55297818196638,
      "p50_deg": 80.55297818196638,
      "p90_deg": 80.55297818196638,
      "std_deg": 0.0
    },
    "BL": {
      "count": 8,
      "min_deg": 82.72724684086867,
      "max_deg": 170.52470702115673,
      "mean_deg": 106.51833764168202,
      "p10_deg": 82.90180702547634,
      "p50_deg": 86.35272631905826,
      "p90_deg": 170.28835824557788,
      "std_deg": 36.962775187045956
    },
    "LL": {
      "count": 6,
      "min_deg": 95.7789535623771,
      "max_deg": 161.5005196578814,
      "mean_deg": 107.51654847700293,
      "p10_deg": 95.83639858483807,
      "p50_deg": 96.04295879958124,
      "p90_deg": 130.67028804658952,
      "std_deg": 24.18450918286205
    }
  },
  "angles_all_deg": [
    80.55297818196638,
    83.05383869765498,
    83.07036031752521,
    89.6350923205913,
    170.52470702115673,
    82.97661853316535,
    82.72724684086867,
    170.18706591318696,
    89.97177148930709,
    161.5005196578814,
    96.0553872264314,
    95.89384360729903,
    96.03053037273108,
    95.7789535623771,
    99.84005643529767
  ],
  "points_xyz": [
    [
      -0.9179256662127193,
      -0.269995432471348,
      -0.29071452965502975
    ],
    [
      0.24042301081603365,
      -0.6325121400718112,
      -0.7362914969846731
    ],
    [
      -0.05491832037386448,
      -0.8409087331809797,
      0.5383832097560931
    ],
    [
      -0.08274758616835105,
      0.6488822465774629,
      -0.7563760090456968
    ],
    [
      -0.40233825269991,
      0.596410556739753,
      0.6945634443474269
    ],
    [
      0.9706611203863722,
      0.16852757841864088,
      0.17150931369060238
    ]
  ]
}