{
  "tag": "MAP_N6_NB2_NL4_a1p15_s4",
  "N": 6,
  "types": [
    "B",
    "B",
    "L",
    "L",
    "L",
    "L"
  ],
  "alpha": 1.15,
  "energy": 16.309660984092076,
  "diag": {
    "restarts": 200,
    "iters": 8000,
    "seed": 4,
    "energy_best": 16.309660984092076,
    "energy_median": 16.309852716083988,
    "energy_min": 16.309660984092076,
    "energy_max": 241.35548756834498
  },
  "angles_stats_all": {
    "count": 15,
    "min_deg": 87.54708055471214,
    "max_deg": 177.67065372125046,
    "mean_deg": 107.43660911066755,
    "p10_deg": 88.61621222490899,
    "p50_deg": 91.12560281650164,
    "p90_deg": 177.15354021885526,
    "std_deg": 34.93071172015337
  },
  "angles_stats_by_type": {
    "BB": {
      "count": 1,
      "min_deg": 87.54708055471214,
      "max_deg": 87.54708055471214,
      "mean_deg": 87.54708055471214,
      "p10_deg": 87.54708055471214,
      "p50_deg": 87.54708055471214,
      "p90_deg": 87.54708055471214,
      "std_deg": 0.0
    },
    "BL": {
      "count": 8,
      "min_deg": 88.58923147020758,
      "max_deg": 177.67065372125046,
      "mean_deg": 111.29798802660022,
      "p10_deg": 88.63644779093504,
      "p50_deg": 89.50614256158082,
      "p90_deg": 177.62283365138236,
      "std_deg": 38.304713383306655
    },
    "LL": {
      "count": 6,
      "min_deg": 91.12560281650164,
      "max_deg": 176.48034154355122,
      "mean_deg": 105.60302531541653,
      "p10_deg": 91.13799059163071,
      "p50_deg": 91.29634951146014,
      "p90_deg": 134.37473584315873,
      "std_deg": 31.699798316093553
    }
  },
  "angles_all_deg": [
    87.54708055471214,
    177.67065372125046,
    88.95563492571316,
    90.05665019744848,
    88.6566833569611,
    90.12731885948709,
    88.72539234600927,
    177.60233933572462,
    88.58923147020758,
    91.12560281650164,
    92.26913014276623,
    91.15518939990685,
    91.1503783667598,
    176.48034154355122,
    91.43750962301344
  ],
  "points_xyz": [
    [
      0.48516818089373637,
      -0.8744096772449008,
      0.004421830925181561
    ],
    [
      -0.18966197448818228,
      -0.1492724733901847,
      0.9704360175308934
    ],
    [
      -0.49135732538497245,
      0.8702327231519744,
      0.03553851918729182
    ],
    [
      -0.844021270216703,
      -0.49025116697129967,
      -0.21744398981131227
    ],
    [
      0.20892926177602705,
      0.11214290781115116,
      -0.9714795580975362
    ],
    [
      0.8546009244511509,
      0.4486889259959401,
      0.26141061113858405
    ]
  ]
}