{
  "tag": "MAP_N6_NB2_NL4_a1p3_s1",
  "N": 6,
  "types": [
    "B",
    "B",
    "L",
    "L",
    "L",
    "L"
  ],
  "alpha": 1.3,
  "energy": 19.337330576517537,
  "diag": {
    "restarts": 200,
    "iters": 8000,
    "seed": 1,
    "energy_best": 19.337330576517537,
    "energy_median": 19.337565170057516,
    "energy_min": 19.337330576517537,
    "energy_max": 384.8648961350672
  },
  "angles_stats_all": {
    "count": 15,
    "min_deg": 85.58626643377849,
    "max_deg": 175.58280442162086,
    "mean_deg": 106.91757167513403,
    "p10_deg": 87.5385386534049,
    "p50_deg": 92.01097634396208,
    "p90_deg": 174.66535787748086,
    "std_deg": 34.04070330337749
  },
  "angles_stats_by_type": {
    "BB": {
      "count": 1,
      "min_deg": 85.58626643377849,
      "max_deg": 85.58626643377849,
      "mean_deg": 85.58626643377849,
      "p10_deg": 85.58626643377849,
      "p50_deg": 85.58626643377849,
      "p90_deg": 85.58626643377849,
      "std_deg": 0.0
    },
    "BL": {
      "count": 8,
      "min_deg": 87.51640595669114,
      "max_deg": 175.58280442162086,
      "mean_deg": 110.16667377884635,
      "p10_deg": 87.55513817594023,
      "p50_deg": 88.7835836409485,
      "p90_deg": 175.53490493283294,
      "std_deg": 37.76088780089671
    },
    "LL": {
      "count": 6,
      "min_deg": 92.01097634396208,
      "max_deg": 173.39182982295924,
      "mean_deg": 106.14065307707688,
      "p10_deg": 92.12962648923092,
      "p50_deg": 92.3549695602827,
      "p90_deg": 133.93736318171702,
      "std_deg": 30.08700031171448
    }
  },
  "angles_all_deg": [
    85.58626643377849,
    90.0025531545299,
    87.57173769847554,
    87.51640595669114,
    175.51437658049528,
    175.58280442162086,
    87.57834513706102,
    87.63869010736397,
    89.92847717453306,
    92.01097634396208,
    92.40711126637098,
    94.48289654047481,
    173.39182982295924,
    92.30282785419442,
    92.24827663449975
  ],
  "points_xyz": [
    [
      0.15838462158539585,
      0.452984101088469,
      -0.8773367174616157
    ],
    [
      -0.4917498586298821,
      -0.6890967637798349,
      -0.5322853808678664
    ],
    [
      0.5088414686044587,
      0.724002337559116,
      0.46572628768128743
    ],
    [
      0.8337345856205194,
      -0.5256144799475433,
      -0.16916281863830024
    ],
    [
      -0.859125501581849,
      0.5084631690907789,
      0.05803945390765141
    ],
    [
      -0.19827628697984812,
      -0.5078617694404087,
      0.8383095711980999
    ]
  ]
}