{
  "tag": "MAP_N6_NB2_NL4_a1p6_s4",
  "N": 6,
  "types": [
    "B",
    "B",
    "L",
    "L",
    "L",
    "L"
  ],
  "alpha": 1.6,
  "energy": 26.041213745849095,
  "diag": {
    "restarts": 200,
    "iters": 8000,
    "seed": 4,
    "energy_best": 26.041213745849095,
    "energy_median": 26.041460947658443,
    "energy_min": 26.041213745849095,
    "energy_max": 432.1963278351065
  },
  "angles_stats_all": {
    "count": 15,
    "min_deg": 82.68661743202895,
    "max_deg": 172.8287738802857,
    "mean_deg": 106.10312849323424,
    "p10_deg": 85.4738157949832,
    "p50_deg": 93.65568916221319,
    "p90_deg": 170.87207204944144,
    "std_deg": 32.82352110184778
  },
  "angles_stats_by_type": {
    "BB": {
      "count": 1,
      "min_deg": 82.68661743202895,
      "max_deg": 82.68661743202895,
      "mean_deg": 82.68661743202895,
      "p10_deg": 82.68661743202895,
      "p50_deg": 82.68661743202895,
      "p90_deg": 82.68661743202895,
      "std_deg": 0.0
    },
    "BL": {
      "count": 8,
      "min_deg": 85.43847393334254,
      "max_deg": 172.8287738802857,
      "mean_deg": 108.48506128548456,
      "p10_deg": 85.50032219121368,
      "p50_deg": 87.84570472848532,
      "p90_deg": 172.73083274878525,
      "std_deg": 37.15437068425998
    },
    "LL": {
      "count": 6,
      "min_deg": 93.65568916221319,
      "max_deg": 168.14689315639035,
      "mean_deg": 106.82996994710136,
      "p10_deg": 93.78086109676944,
      "p50_deg": 94.0514928618429,
      "p90_deg": 132.65755588269178,
      "std_deg": 27.44777879117675
    }
  },
  "angles_all_deg": [
    82.68661743202895,
    172.68885797814218,
    90.1421568825555,
    85.52682858744417,
    85.68840998771009,
    90.00299946926056,
    172.8287738802857,
    85.56398956513583,
    85.43847393334254,
    97.16821860899321,
    94.04517605956829,
    93.65568916221319,
    93.90603303132569,
    94.05780966411751,
    168.14689315639035
  ],
  "points_xyz": [
    [
      -0.24058169135199378,
      0.5932643293132164,
      0.7682173425214726
    ],
    [
      0.1558963589355076,
      -0.6663727128392143,
      0.7291390353382251
    ],
    [
      0.2643096325285327,
      -0.683068101218685,
      -0.6808512225516912
    ],
    [
      -0.18749546839161654,
      0.7464908018975697,
      -0.6384331852394044
    ],
    [
      -0.9531100267385528,
      -0.30057438324104413,
      0.03516130073960684
    ],
    [
      0.9423415415403481,
      0.28785991643808667,
      0.17067245705039347
    ]
  ]
}