{
  "tag": "MAP_N6_NB2_NL4_a1p65_s3",
  "N": 6,
  "types": [
    "B",
    "B",
    "L",
    "L",
    "L",
    "L"
  ],
  "alpha": 1.65,
  "energy": 27.24200509211286,
  "diag": {
    "restarts": 200,
    "iters": 8000,
    "seed": 3,
    "energy_best": 27.24200509211286,
    "energy_median": 27.242341972681025,
    "energy_min": 27.24200509211286,
    "energy_max": 349.9798448582666
  },
  "angles_stats_all": {
    "count": 15,
    "min_deg": 82.64058602592208,
    "max_deg": 172.56146433447873,
    "mean_deg": 105.98365707480359,
    "p10_deg": 85.03050179134307,
    "p50_deg": 94.02934451670313,
    "p90_deg": 170.3303608551064,
    "std_deg": 32.66953423745117
  },
  "angles_stats_by_type": {
    "BB": {
      "count": 1,
      "min_deg": 82.64058602592208,
      "max_deg": 82.64058602592208,
      "mean_deg": 82.64058602592208,
      "p10_deg": 82.64058602592208,
      "p50_deg": 82.64058602592208,
      "p90_deg": 82.64058602592208,
      "std_deg": 0.0
    },
    "BL": {
      "count": 8,
      "min_deg": 85.0238344582473,
      "max_deg": 172.56146433447873,
      "mean_deg": 108.18142654973194,
      "p10_deg": 85.0355022911649,
      "p50_deg": 87.63887655897508,
      "p90_deg": 172.5153702534319,
      "std_deg": 37.2012279688302
    },
    "LL": {
      "count": 6,
      "min_deg": 94.02934451670313,
      "max_deg": 167.0824786668625,
      "mean_deg": 106.94380961637937,
      "p10_deg": 94.15727215068074,
      "p50_deg": 94.34125641753815,
      "p90_deg": 132.33290028091926,
      "std_deg": 26.922587361847313
    }
  },
  "angles_all_deg": [
    82.64058602592208,
    85.04050279098674,
    89.85505643581456,
    85.42269668213562,
    172.56146433447873,
    85.0238344582473,
    172.495615647269,
    85.13119186422031,
    89.92105018470325,
    94.38314943591469,
    167.0824786668625,
    94.2993633991616,
    94.28519978465835,
    97.583321894976,
    94.02934451670313
  ],
  "points_xyz": [
    [
      0.7307551656477198,
      -0.41796918058446014,
      0.5397209019120239
    ],
    [
      -0.10003078391018658,
      0.5709131951290402,
      0.8148938371946766
    ],
    [
      0.698038605804305,
      0.6624083923304609,
      -0.2719507796954368
    ],
    [
      0.19686220478471408,
      -0.6309242518946274,
      -0.7504531035970909
    ],
    [
      -0.6065541063988421,
      -0.6368801389463958,
      0.47589474112068275
    ],
    [
      -0.7493026591543006,
      0.4965439871267674,
      -0.43816617148354425
    ]
  ]
}