{
  "tag": "MAP_N6_NB2_NL4_a1p65_s1",
  "N": 6,
  "types": [
    "B",
    "B",
    "L",
    "L",
    "L",
    "L"
  ],
  "alpha": 1.65,
  "energy": 27.242000556894094,
  "diag": {
    "restarts": 200,
    "iters": 8000,
    "seed": 1,
    "energy_best": 27.242000556894094,
    "energy_median": 27.242308804651394,
    "energy_min": 27.242000556894094,
    "energy_max": 329.8468931519267
  },
  "angles_stats_all": {
    "count": 15,
    "min_deg": 82.32419496484322,
    "max_deg": 172.3507534930991,
    "mean_deg": 105.94462264197156,
    "p10_deg": 85.08557063562657,
    "p50_deg": 94.124153329065,
    "p90_deg": 170.14127529643127,
    "std_deg": 32.60994774475121
  },
  "angles_stats_by_type": {
    "BB": {
      "count": 1,
      "min_deg": 82.32419496484322,
      "max_deg": 82.32419496484322,
      "mean_deg": 82.32419496484322,
      "p10_deg": 82.32419496484322,
      "p50_deg": 82.32419496484322,
      "p90_deg": 82.32419496484322,
      "std_deg": 0.0
    },
    "BL": {
      "count": 8,
      "min_deg": 85.07331386408073,
      "max_deg": 172.3507534930991,
      "mean_deg": 108.12437022013074,
      "p10_deg": 85.09476321428593,
      "p50_deg": 87.55024392892392,
      "p90_deg": 172.2058364004793,
      "std_deg": 37.072438553545254
    },
    "LL": {
      "count": 6,
      "min_deg": 94.124153329065,
      "max_deg": 167.13759462847193,
      "mean_deg": 106.97503048394738,
      "p10_deg": 94.14408121848967,
      "p50_deg": 94.2977366724235,
      "p90_deg": 132.48327356092898,
      "std_deg": 26.937889470250994
    }
  },
  "angles_all_deg": [
    82.32419496484322,
    90.02683228084426,
    85.07331386408073,
    85.10395579294531,
    172.14372907507084,
    172.3507534930991,
    85.28056897513427,
    85.19588939715794,
    89.81991888271355,
    94.16400910791434,
    94.124153329065,
    97.82895249338603,
    167.13759462847193,
    94.39672783576155,
    94.19874550908544
  ],
  "points_xyz": [
    [
      0.38513307686370074,
      0.568312627147147,
      -0.7271129698544833
    ],
    [
      -0.09315469527221157,
      0.8840786885241704,
      0.45795968735918713
    ],
    [
      0.1446905549349647,
      -0.8156187513705011,
      -0.5602059404588965
    ],
    [
      0.9282018049921056,
      -0.0018678600178682631,
      0.37207246647441006
    ],
    [
      -0.8832701236301524,
      0.21696742012093692,
      -0.4156429084062906
    ],
    [
      -0.4027008265136827,
      -0.45136840065937744,
      0.7963030900425997
    ]
  ]
}