{
  "tag": "MAP_N6_NB2_NL4_a1p65_s5",
  "N": 6,
  "types": [
    "B",
    "B",
    "L",
    "L",
    "L",
    "L"
  ],
  "alpha": 1.65,
  "energy": 27.242033403695935,
  "diag": {
    "restarts": 200,
    "iters": 8000,
    "seed": 5,
    "energy_best": 27.242033403695935,
    "energy_median": 27.242312869863813,
    "energy_min": 27.242033403695935,
    "energy_max": 516.9838945803699
  },
  "angles_stats_all": {
    "count": 15,
    "min_deg": 82.59241982062657,
    "max_deg": 172.72894539852857,
    "mean_deg": 105.98567574738905,
    "p10_deg": 85.1523000036752,
    "p50_deg": 94.07562013173703,
    "p90_deg": 170.21533336328625,
    "std_deg": 32.6692484513355
  },
  "angles_stats_by_type": {
    "BB": {
      "count": 1,
      "min_deg": 82.59241982062657,
      "max_deg": 82.59241982062657,
      "mean_deg": 82.59241982062657,
      "p10_deg": 82.59241982062657,
      "p50_deg": 82.59241982062657,
      "p90_deg": 82.59241982062657,
      "std_deg": 0.0
    },
    "BL": {
      "count": 8,
      "min_deg": 85.14254950201733,
      "max_deg": 172.72894539852857,
      "mean_deg": 108.18916503384695,
      "p10_deg": 85.1596128799186,
      "p50_deg": 87.47093542270476,
      "p90_deg": 172.36390704380696,
      "std_deg": 37.16094393283654
    },
    "LL": {
      "count": 6,
      "min_deg": 94.07562013173703,
      "max_deg": 167.2271403562548,
      "mean_deg": 106.94656601990557,
      "p10_deg": 94.13561137945692,
      "p50_deg": 94.26265155035284,
      "p90_deg": 132.44143512990695,
      "std_deg": 26.987909885591208
    }
  },
  "angles_all_deg": [
    82.59241982062657,
    85.32679728334408,
    85.14254950201733,
    90.13674989613793,
    172.20746203464054,
    85.1888168378798,
    85.166925756162,
    172.72894539852857,
    89.61507356206543,
    167.2271403562548,
    94.3111997484961,
    94.07562013173703,
    94.19560262717681,
    94.21410335220958,
    97.65572990355912
  ],
  "points_xyz": [
    [
      0.8681183735451745,
      -0.4527539220615454,
      -0.20343150093131854
    ],
    [
      -0.38020723258091776,
      -0.8359907103584413,
      -0.3956791534659725
    ],
    [
      0.043109740612863344,
      0.32690259849715614,
      -0.9440742774591938
    ],
    [
      0.0277119099377708,
      -0.5180230110251398,
      0.8549176627582616
    ],
    [
      0.4941900054769738,
      0.7848168693196931,
      0.3739501572641793
    ],
    [
      -0.9273929175514051,
      0.3420872861257989,
      0.15138911832287802
    ]
  ]
}