{
  "tag": "MAP_N6_NB2_NL4_a1p2_s5",
  "N": 6,
  "types": [
    "B",
    "B",
    "L",
    "L",
    "L",
    "L"
  ],
  "alpha": 1.2,
  "energy": 17.29473894911365,
  "diag": {
    "restarts": 200,
    "iters": 8000,
    "seed": 5,
    "energy_best": 17.29473894911365,
    "energy_median": 17.294948352781898,
    "energy_min": 17.29473894911365,
    "energy_max": 211.82490181426667
  },
  "angles_stats_all": {
    "count": 15,
    "min_deg": 86.83568792448762,
    "max_deg": 177.06137391523345,
    "mean_deg": 107.24882176571326,
    "p10_deg": 88.28164538503823,
    "p50_deg": 91.36758314051441,
    "p90_deg": 176.13134120674343,
    "std_deg": 34.59804180311903
  },
  "angles_stats_by_type": {
    "BB": {
      "count": 1,
      "min_deg": 86.83568792448762,
      "max_deg": 86.83568792448762,
      "mean_deg": 86.83568792448762,
      "p10_deg": 86.83568792448762,
      "p50_deg": 86.83568792448762,
      "p90_deg": 86.83568792448762,
      "std_deg": 0.0
    },
    "BL": {
      "count": 8,
      "min_deg": 88.2338649606207,
      "max_deg": 177.06137391523345,
      "mean_deg": 110.87748421295043,
      "p10_deg": 88.31748070335138,
      "p50_deg": 89.09028545936101,
      "p90_deg": 176.7400544670204,
      "std_deg": 38.08518129909031
    },
    "LL": {
      "count": 6,
      "min_deg": 91.36758314051441,
      "max_deg": 175.42483381875064,
      "mean_deg": 105.81279414293465,
      "p10_deg": 91.44485192590562,
      "p50_deg": 91.69826125425188,
      "p90_deg": 134.29526924864643,
      "std_deg": 31.137096198401235
    }
  },
  "angles_all_deg": [
    86.83568792448762,
    88.35331602166453,
    176.60234613207197,
    90.22900915302408,
    88.2338649606207,
    88.41062761643882,
    89.76994330228322,
    177.06137391523345,
    88.35939260226667,
    91.70429854061065,
    91.36758314051441,
    175.42483381875064,
    93.16570467854226,
    91.52212071129685,
    91.6922239678931
  ],
  "points_xyz": [
    [
      0.08320620393226479,
      -0.603178105366358,
      0.7932546254726998
    ],
    [
      0.6613179316753589,
      -0.5972009205591308,
      -0.4538828634438094
    ],
    [
      0.7676968285242508,
      0.5306680396777478,
      0.35921165228648033
    ],
    [
      -0.04606982475983949,
      0.5672100904771502,
      -0.8222835791304001
    ],
    [
      -0.6562266182934782,
      0.5685456253285186,
      0.49610734459682176
    ],
    [
      -0.7277146270047177,
      -0.5965672472611676,
      -0.3384360222237244
    ]
  ]
}