{
  "tag": "MAP_N6_NB2_NL4_a2p2_s5",
  "N": 6,
  "types": [
    "B",
    "B",
    "L",
    "L",
    "L",
    "L"
  ],
  "alpha": 2.2,
  "energy": 42.01138820009215,
  "diag": {
    "restarts": 200,
    "iters": 8000,
    "seed": 5,
    "energy_best": 42.01138820009215,
    "energy_median": 42.01195793144301,
    "energy_min": 42.01138820009215,
    "energy_max": 745.5787069280718
  },
  "angles_stats_all": {
    "count": 15,
    "min_deg": 79.972021476574,
    "max_deg": 169.7141519585568,
    "mean_deg": 104.89390738888588,
    "p10_deg": 82.09149639720431,
    "p50_deg": 96.34044772590745,
    "p90_deg": 165.4722455671469,
    "std_deg": 31.414897744189656
  },
  "angles_stats_by_type": {
    "BB": {
      "count": 1,
      "min_deg": 79.972021476574,
      "max_deg": 79.972021476574,
      "mean_deg": 79.972021476574,
      "p10_deg": 79.972021476574,
      "p50_deg": 79.972021476574,
      "p90_deg": 79.972021476574,
      "std_deg": 0.0
    },
    "BL": {
      "count": 8,
      "min_deg": 82.07838801757126,
      "max_deg": 169.7141519585568,
      "mean_deg": 105.88329317056159,
      "p10_deg": 82.1013276819291,
      "p50_deg": 85.87630532151618,
      "p90_deg": 169.4936804585912,
      "std_deg": 36.88563229229405
    },
    "LL": {
      "count": 6,
      "min_deg": 96.34044772590745,
      "max_deg": 159.58182490852974,
      "mean_deg": 107.72837399870353,
      "p10_deg": 96.38313510314399,
      "p50_deg": 96.58176976572898,
      "p90_deg": 130.2202171272376,
      "std_deg": 23.24471757321294
    }
  },
  "angles_all_deg": [
    79.972021476574,
    82.26869852234597,
    169.7141519585568,
    82.32537755758521,
    89.42723308544717,
    82.07838801757126,
    89.74214458344073,
    82.1111589666539,
    169.39919267289167,
    96.42582248038053,
    159.58182490852974,
    96.55701864000079,
    96.34044772590745,
    100.85860934594544,
    96.60652089145718
  ],
  "points_xyz": [
    [
      0.37598604774127786,
      0.1306299625844225,
      0.9173714104870969
    ],
    [
      -0.8458230853975028,
      0.025395490349410833,
      0.532858684154215
    ],
    [
      -0.10320457335837782,
      0.9935268059926915,
      0.04746895629646652
    ],
    [
      -0.5351735955607756,
      -0.12834648216315916,
      -0.8349349694023441
    ],
    [
      -0.010632984006387255,
      -0.9580636033990776,
      0.28635829216751335
    ],
    [
      0.9291133824130963,
      -0.0007543111406742193,
      -0.36979420443754735
    ]
  ]
}