{
  "tag": "MAP_N6_NB2_NL4_a1p5_s4",
  "N": 6,
  "types": [
    "B",
    "B",
    "L",
    "L",
    "L",
    "L"
  ],
  "alpha": 1.5,
  "energy": 23.710890796790714,
  "diag": {
    "restarts": 200,
    "iters": 8000,
    "seed": 4,
    "energy_best": 23.710890796790714,
    "energy_median": 23.7112338328495,
    "energy_min": 23.710890796790714,
    "energy_max": 381.52614686414927
  },
  "angles_stats_all": {
    "count": 15,
    "min_deg": 83.67524339867157,
    "max_deg": 173.7363934228786,
    "mean_deg": 106.35552871937806,
    "p10_deg": 86.16421132667,
    "p50_deg": 93.30372722105304,
    "p90_deg": 171.97499266201714,
    "std_deg": 33.178585153339625
  },
  "angles_stats_by_type": {
    "BB": {
      "count": 1,
      "min_deg": 83.67524339867157,
      "max_deg": 83.67524339867157,
      "mean_deg": 83.67524339867157,
      "p10_deg": 83.67524339867157,
      "p50_deg": 83.67524339867157,
      "p90_deg": 83.67524339867157,
      "std_deg": 0.0
    },
    "BL": {
      "count": 8,
      "min_deg": 86.1620326509839,
      "max_deg": 173.7363934228786,
      "mean_deg": 108.9723511514527,
      "p10_deg": 86.16584533343458,
      "p50_deg": 87.99655699909496,
      "p90_deg": 173.53094062481912,
      "std_deg": 37.33789276821672
    },
    "LL": {
      "count": 6,
      "min_deg": 93.30372722105304,
      "max_deg": 169.77314751656672,
      "mean_deg": 106.6464796967296,
      "p10_deg": 93.34422023804166,
      "p50_deg": 93.46090803553456,
      "p90_deg": 133.13431081661258,
      "std_deg": 28.253750389727813
    }
  },
  "angles_all_deg": [
    83.67524339867157,
    86.21526425509775,
    173.44288942565078,
    86.1620326509839,
    90.06163611862144,
    86.22545873233848,
    89.76765526585143,
    86.16747934019915,
    173.7363934228786,
    93.38471325503029,
    169.77314751656672,
    93.30372722105304,
    93.40957899309535,
    96.49547411665844,
    93.51223707797377
  ],
  "points_xyz": [
    [
      0.7605157581586528,
      0.5431375902963531,
      0.3558333031061603
    ],
    [
      -0.26832846020003615,
      -0.05166083136391961,
      0.9619412642929225
    ],
    [
      -0.5126993144183144,
      0.8580952145275216,
      -0.028495890931102354
    ],
    [
      -0.7958909416441633,
      -0.5525547904459035,
      -0.247468811295587
    ],
    [
      0.5716730101495011,
      -0.799112892468851,
      0.18603374574704204
    ],
    [
      0.35270470646683155,
      0.11272886407790607,
      -0.9289195838391239
    ]
  ]
}