{
  "tag": "MAP_N6_NB2_NL4_a2p2_s3",
  "N": 6,
  "types": [
    "B",
    "B",
    "L",
    "L",
    "L",
    "L"
  ],
  "alpha": 2.2,
  "energy": 42.01143855278532,
  "diag": {
    "restarts": 200,
    "iters": 8000,
    "seed": 3,
    "energy_best": 42.01143855278532,
    "energy_median": 42.01195181761265,
    "energy_min": 42.01143855278532,
    "energy_max": 683.7909272784706
  },
  "angles_stats_all": {
    "count": 15,
    "min_deg": 80.2006446858696,
    "max_deg": 169.94400141212756,
    "mean_deg": 104.91294332861247,
    "p10_deg": 82.00056296245057,
    "p50_deg": 96.45990360297183,
    "p90_deg": 165.55105544473037,
    "std_deg": 31.45700107325464
  },
  "angles_stats_by_type": {
    "BB": {
      "count": 1,
      "min_deg": 80.2006446858696,
      "max_deg": 80.2006446858696,
      "mean_deg": 80.2006446858696,
      "p10_deg": 80.2006446858696,
      "p50_deg": 80.2006446858696,
      "p90_deg": 80.2006446858696,
      "std_deg": 0.0
    },
    "BL": {
      "count": 8,
      "min_deg": 81.99988749103723,
      "max_deg": 169.94400141212756,
      "mean_deg": 105.91337801200457,
      "p10_deg": 82.00106956601059,
      "p50_deg": 85.90359907578033,
      "p90_deg": 169.84424581173658,
      "std_deg": 37.05780388511212
    },
    "LL": {
      "count": 6,
      "min_deg": 96.45990360297183,
      "max_deg": 159.1753984944724,
      "mean_deg": 107.69774685788018,
      "p10_deg": 96.50532088196795,
      "p50_deg": 96.77334762520594,
      "p90_deg": 129.81457206646658,
      "std_deg": 23.063902794583566
    }
  },
  "angles_all_deg": [
    80.2006446858696,
    89.74339366869177,
    81.99988749103723,
    169.80149341156903,
    82.0015761695706,
    169.94400141212756,
    82.0094737914797,
    89.60209707731053,
    82.20510107425014,
    96.7117849661457,
    100.45374563846076,
    96.45990360297183,
    96.83491028426619,
    159.1753984944724,
    96.55073816096404
  ],
  "points_xyz": [
    [
      0.7183116964613294,
      0.5435369235049727,
      -0.43427631700749725
    ],
    [
      0.551630985008132,
      0.2256857564779006,
      0.8029752148740059
    ],
    [
      -0.43277070206354745,
      -0.13231681301192277,
      -0.8917408706736458
    ],
    [
      0.6842923223871902,
      -0.7231591774366309,
      -0.09372737919690852
    ],
    [
      -0.6313392696824915,
      -0.5087048923888497,
      0.5853461019058955
    ],
    [
      -0.384097418227841,
      0.9059427099415808,
      0.17814875698250623
    ]
  ]
}