{
  "tag": "MAP_N6_NB2_NL4_a2p05_s5",
  "N": 6,
  "types": [
    "B",
    "B",
    "L",
    "L",
    "L",
    "L"
  ],
  "alpha": 2.05,
  "energy": 37.700863586362374,
  "diag": {
    "restarts": 200,
    "iters": 8000,
    "seed": 5,
    "energy_best": 37.700863586362374,
    "energy_median": 37.701326496101814,
    "energy_min": 37.700863586362374,
    "energy_max": 573.4963625446429
  },
  "angles_stats_all": {
    "count": 15,
    "min_deg": 80.07706594816767,
    "max_deg": 169.9625065321431,
    "mean_deg": 105.11996979981703,
    "p10_deg": 82.9094980243207,
    "p50_deg": 95.80357292283861,
    "p90_deg": 166.5464132216991,
    "std_deg": 31.629372440555848
  },
  "angles_stats_by_type": {
    "BB": {
      "count": 1,
      "min_deg": 80.07706594816767,
      "max_deg": 80.07706594816767,
      "mean_deg": 80.07706594816767,
      "p10_deg": 80.07706594816767,
      "p50_deg": 80.07706594816767,
      "p90_deg": 80.07706594816767,
      "std_deg": 0.0
    },
    "BL": {
      "count": 8,
      "min_deg": 82.90702583722853,
      "max_deg": 169.9625065321431,
      "mean_deg": 106.41643411513567,
      "p10_deg": 82.91135216463982,
      "p50_deg": 86.40808108560904,
      "p90_deg": 169.89183515556294,
      "std_deg": 36.76657617817734
    },
    "LL": {
      "count": 6,
      "min_deg": 95.80357292283861,
      "max_deg": 161.57371192013346,
      "mean_deg": 107.56516802133372,
      "p10_deg": 95.80521860812593,
      "p50_deg": 95.97790679133766,
      "p90_deg": 130.91237866453758,
      "std_deg": 24.205858335948363
    }
  },
  "angles_all_deg": [
    80.07706594816767,
    82.98461957732471,
    89.88640507546917,
    169.8615474227429,
    82.91320630495895,
    83.0310188183599,
    169.9625065321431,
    89.7851433528582,
    82.90702583722853,
    95.9681195800457,
    95.98769400262961,
    161.57371192013346,
    100.25104540894174,
    95.80357292283861,
    95.80686429341323
  ],
  "points_xyz": [
    [
      0.6488229897799993,
      0.2715862888823724,
      0.7108231957554871
    ],
    [
      -0.3981230745048878,
      -0.47242734425777677,
      0.7863271723298892
    ],
    [
      0.5771569517948532,
      -0.8154780921130332,
      -0.04342043618575104
    ],
    [
      0.5175972759189427,
      0.5296145244398147,
      -0.6720130322126789
    ],
    [
      -0.7309438476369853,
      -0.358489644255634,
      -0.5806946414107058
    ],
    [
      -0.5240892319879539,
      0.7735021542673244,
      0.35640551939901965
    ]
  ]
}