{
  "tag": "MAP_N6_NB2_NL4_a1p4_s1",
  "N": 6,
  "types": [
    "B",
    "B",
    "L",
    "L",
    "L",
    "L"
  ],
  "alpha": 1.4,
  "energy": 21.476186274304986,
  "diag": {
    "restarts": 200,
    "iters": 8000,
    "seed": 1,
    "energy_best": 21.476186274304986,
    "energy_median": 21.47645411667903,
    "energy_min": 21.476186274304986,
    "energy_max": 364.9818845371594
  },
  "angles_stats_all": {
    "count": 15,
    "min_deg": 84.76859217322347,
    "max_deg": 174.9320329263709,
    "mean_deg": 106.6429931055703,
    "p10_deg": 86.7275710678626,
    "p50_deg": 92.79237373700876,
    "p90_deg": 173.24169372821922,
    "std_deg": 33.61204973818988
  },
  "angles_stats_by_type": {
    "BB": {
      "count": 1,
      "min_deg": 84.76859217322347,
      "max_deg": 84.76859217322347,
      "mean_deg": 84.76859217322347,
      "p10_deg": 84.76859217322347,
      "p50_deg": 84.76859217322347,
      "p90_deg": 84.76859217322347,
      "std_deg": 0.0
    },
    "BL": {
      "count": 8,
      "min_deg": 86.67235257196144,
      "max_deg": 174.9320329263709,
      "mean_deg": 109.56963649942988,
      "p10_deg": 86.76898493978847,
      "p50_deg": 88.31234238724555,
      "p90_deg": 174.64623010794327,
      "std_deg": 37.641617102248695
    },
    "LL": {
      "count": 6,
      "min_deg": 92.79237373700876,
      "max_deg": 171.31861954190805,
      "mean_deg": 106.38653540248201,
      "p10_deg": 92.84492240313094,
      "p50_deg": 92.99920909132152,
      "p90_deg": 133.3154747129936,
      "std_deg": 29.051711474401895
    }
  },
  "angles_all_deg": [
    84.76859217322347,
    90.16392132892447,
    86.82995839621678,
    86.67235257196144,
    174.52374318576,
    174.9320329263709,
    86.86951466965748,
    86.81039881171434,
    89.75517010483362,
    92.79237373700876,
    92.97730587181897,
    95.31232988407913,
    171.31861954190805,
    92.8974710692531,
    93.02111231082405
  ],
  "points_xyz": [
    [
      -0.8167711592711822,
      0.3223358792305553,
      0.47852320146830274
    ],
    [
      0.016170699366897797,
      -0.7145087861500877,
      0.6994395635051778
    ],
    [
      -0.0893795919143092,
      0.7453754349988743,
      -0.6606260284377771
    ],
    [
      -0.6087939394397457,
      -0.5991882124199552,
      -0.5199455984989333
    ],
    [
      0.5252380268235364,
      0.5606594605504798,
      0.6401452838799665
    ],
    [
      0.8218737366201267,
      -0.3920071369913027,
      -0.4133448507021135
    ]
  ]
}