{
  "tag": "MAP_N6_NB2_NL4_a1p25_s3",
  "N": 6,
  "types": [
    "B",
    "B",
    "L",
    "L",
    "L",
    "L"
  ],
  "alpha": 1.25,
  "energy": 18.303995555344613,
  "diag": {
    "restarts": 200,
    "iters": 8000,
    "seed": 3,
    "energy_best": 18.303995555344613,
    "energy_median": 18.30420500475553,
    "energy_min": 18.303995555344613,
    "energy_max": 375.5961447180852
  },
  "angles_stats_all": {
    "count": 15,
    "min_deg": 86.43108263989559,
    "max_deg": 176.4257666488858,
    "mean_deg": 107.09524988165555,
    "p10_deg": 87.88385729295088,
    "p50_deg": 91.79098484858852,
    "p90_deg": 175.43200400142635,
    "std_deg": 34.33628789977662
  },
  "angles_stats_by_type": {
    "BB": {
      "count": 1,
      "min_deg": 86.43108263989559,
      "max_deg": 86.43108263989559,
      "mean_deg": 86.43108263989559,
      "p10_deg": 86.43108263989559,
      "p50_deg": 86.43108263989559,
      "p90_deg": 86.43108263989559,
      "std_deg": 0.0
    },
    "BL": {
      "count": 8,
      "min_deg": 87.87178036856717,
      "max_deg": 176.4257666488858,
      "mean_deg": 110.50918411706184,
      "p10_deg": 87.89291498623867,
      "p50_deg": 88.90010046087887,
      "p90_deg": 176.21408026872422,
      "std_deg": 37.97767843806391
    },
    "LL": {
      "count": 6,
      "min_deg": 91.79098484858852,
      "max_deg": 174.39497370201195,
      "mean_deg": 105.98736544140719,
      "p10_deg": 91.80269590844065,
      "p50_deg": 92.02316969284732,
      "p90_deg": 134.1362307229336,
      "std_deg": 30.60137713018484
    }
  },
  "angles_all_deg": [
    86.43108263989559,
    89.99497255865704,
    87.90197267952645,
    176.12335753436926,
    87.95542222473108,
    176.4257666488858,
    88.10361797015281,
    89.69658295160494,
    87.87178036856717,
    91.81440696829279,
    93.87748774385523,
    91.9591846485306,
    91.79098484858852,
    174.39497370201195,
    92.08715473716404
  ],
  "points_xyz": [
    [
      0.6854079844097173,
      0.057189167960417044,
      0.7259099764952978
    ],
    [
      0.437519430344241,
      -0.8609426246033497,
      -0.2595275423001313
    ],
    [
      -0.39604526361865705,
      0.8657934106932523,
      0.305859312700094
    ],
    [
      0.647915158781111,
      0.47122712081561335,
      -0.5984571393420545
    ],
    [
      -0.6551716404838099,
      -0.11397038005985141,
      -0.7468338998564314
    ],
    [
      -0.5722533531764912,
      -0.5240858549535505,
      0.6307615368868557
    ]
  ]
}