{
  "tag": "MAP_N6_NB2_NL4_a1p9_s5",
  "N": 6,
  "types": [
    "B",
    "B",
    "L",
    "L",
    "L",
    "L"
  ],
  "alpha": 1.9,
  "energy": 33.601747589014906,
  "diag": {
    "restarts": 200,
    "iters": 8000,
    "seed": 5,
    "energy_best": 33.601747589014906,
    "energy_median": 33.6021169118956,
    "energy_min": 33.601747589014906,
    "energy_max": 498.0129855151462
  },
  "angles_stats_all": {
    "count": 15,
    "min_deg": 81.01999663430384,
    "max_deg": 170.91888073771142,
    "mean_deg": 105.41204790967127,
    "p10_deg": 83.50634623334811,
    "p50_deg": 95.33013137223674,
    "p90_deg": 167.79696841529767,
    "std_deg": 31.966440486050317
  },
  "angles_stats_by_type": {
    "BB": {
      "count": 1,
      "min_deg": 81.01999663430384,
      "max_deg": 81.01999663430384,
      "mean_deg": 81.01999663430384,
      "p10_deg": 81.01999663430384,
      "p50_deg": 81.01999663430384,
      "p90_deg": 81.01999663430384,
      "std_deg": 0.0
    },
    "BL": {
      "count": 8,
      "min_deg": 83.45351215882597,
      "max_deg": 170.91888073771142,
      "mean_deg": 107.00119593018607,
      "p10_deg": 83.5459717892397,
      "p50_deg": 86.79168920914941,
      "p90_deg": 170.89661847698858,
      "std_deg": 36.982612326211225
    },
    "LL": {
      "count": 6,
      "min_deg": 95.33013137223674,
      "max_deg": 163.16180477608316,
      "mean_deg": 107.35852576154609,
      "p10_deg": 95.39491540192742,
      "p50_deg": 95.49377883336743,
      "p90_deg": 131.18688304934346,
      "std_deg": 24.993942237471177
    }
  },
  "angles_all_deg": [
    81.01999663430384,
    170.88707750810735,
    83.45351215882597,
    89.8996132190258,
    83.6815080543878,
    89.86810383216016,
    83.5855973451313,
    170.91888073771142,
    83.71527458613868,
    95.45969943161809,
    99.21196132260377,
    95.52251499660385,
    95.33013137223674,
    163.16180477608316,
    95.46504267013101
  ],
  "points_xyz": [
    [
      -0.18191392672551424,
      0.5637695713100296,
      -0.8056495477117886
    ],
    [
      0.5691551775616989,
      -0.48661252981803627,
      -0.6627749464779139
    ],
    [
      0.2772765969096276,
      -0.6473770474647258,
      0.7099441155626759
    ],
    [
      0.8033883275702759,
      0.5887549478476487,
      0.08907753088600658
    ],
    [
      -0.6037185253791952,
      0.5839096692325404,
      0.5427462024654941
    ],
    [
      -0.7305671158429002,
      -0.5724617731886411,
      -0.37223541944138383
    ]
  ]
}