{
  "tag": "MAP_N6_NB2_NL4_a1p45_s4",
  "N": 6,
  "types": [
    "B",
    "B",
    "L",
    "L",
    "L",
    "L"
  ],
  "alpha": 1.45,
  "energy": 22.581646934764596,
  "diag": {
    "restarts": 200,
    "iters": 8000,
    "seed": 4,
    "energy_best": 22.581646934764596,
    "energy_median": 22.5818664276468,
    "energy_min": 22.581646934764596,
    "energy_max": 357.20372410317066
  },
  "angles_stats_all": {
    "count": 15,
    "min_deg": 84.17859365474256,
    "max_deg": 174.31160301566655,
    "mean_deg": 106.49380116853509,
    "p10_deg": 86.3990661763483,
    "p50_deg": 93.00283632515274,
    "p90_deg": 172.61393808792963,
    "std_deg": 33.387165390904244
  },
  "angles_stats_by_type": {
    "BB": {
      "count": 1,
      "min_deg": 84.17859365474256,
      "max_deg": 84.17859365474256,
      "mean_deg": 84.17859365474256,
      "p10_deg": 84.17859365474256,
      "p50_deg": 84.17859365474256,
      "p90_deg": 84.17859365474256,
      "std_deg": 0.0
    },
    "BL": {
      "count": 8,
      "min_deg": 86.3968960395048,
      "max_deg": 174.31160301566655,
      "mean_deg": 109.27541032841515,
      "p10_deg": 86.40069377898094,
      "p50_deg": 88.2020007649182,
      "p90_deg": 174.18081522272035,
      "std_deg": 37.5239365240685
    },
    "LL": {
      "count": 6,
      "min_deg": 93.00283632515274,
      "max_deg": 170.3477002526375,
      "mean_deg": 106.50419020766044,
      "p10_deg": 93.0788868728213,
      "p50_deg": 93.39200371799836,
      "p90_deg": 133.04168003216168,
      "std_deg": 28.566611525731314
    }
  },
  "angles_all_deg": [
    84.17859365474256,
    174.31160301566655,
    86.42966094497538,
    86.3968960395048,
    89.95118638015337,
    90.13403640426682,
    86.45281514968302,
    86.40232138161356,
    174.1247633114577,
    93.343183105998,
    93.15493742048984,
    95.73565981168585,
    170.3477002526375,
    93.44082432999872,
    93.00283632515274
  ],
  "points_xyz": [
    [
      -0.08272757226311082,
      0.991779339764508,
      0.09762115551317917
    ],
    [
      0.9052508264781762,
      0.13823310748517814,
      0.40176180649181914
    ],
    [
      0.17260034910141622,
      -0.9833771354088565,
      -0.056378444862738
    ],
    [
      0.4317366111768101,
      0.18568509983940285,
      -0.8826803171404667
    ],
    [
      -0.3387284604972085,
      -0.05732841818981685,
      0.939136029825842
    ],
    [
      -0.920081991308232,
      -0.0375074969051618,
      -0.38992604035404943
    ]
  ]
}