{
  "tag": "MAP_N6_NB2_NL4_a1p15_s1",
  "N": 6,
  "types": [
    "B",
    "B",
    "L",
    "L",
    "L",
    "L"
  ],
  "alpha": 1.15,
  "energy": 16.309663169465416,
  "diag": {
    "restarts": 200,
    "iters": 8000,
    "seed": 1,
    "energy_best": 16.309663169465416,
    "energy_median": 16.30984483166381,
    "energy_min": 16.309663169465416,
    "energy_max": 192.78892604305068
  },
  "angles_stats_all": {
    "count": 15,
    "min_deg": 87.50826852941042,
    "max_deg": 177.53459381690868,
    "mean_deg": 107.40377927365357,
    "p10_deg": 88.6135465814359,
    "p50_deg": 91.15391373378466,
    "p90_deg": 176.97826750779933,
    "std_deg": 34.87125367041079
  },
  "angles_stats_by_type": {
    "BB": {
      "count": 1,
      "min_deg": 87.50826852941042,
      "max_deg": 87.50826852941042,
      "mean_deg": 87.50826852941042,
      "p10_deg": 87.50826852941042,
      "p50_deg": 87.50826852941042,
      "p90_deg": 87.50826852941042,
      "std_deg": 0.0
    },
    "BL": {
      "count": 8,
      "min_deg": 88.58105243233486,
      "max_deg": 177.53459381690868,
      "mean_deg": 111.19833770519374,
      "p10_deg": 88.63791719326169,
      "p50_deg": 89.33192191429693,
      "p90_deg": 177.4349459719345,
      "std_deg": 38.2617694994923
    },
    "LL": {
      "count": 6,
      "min_deg": 91.15391373378466,
      "max_deg": 176.35730914050856,
      "mean_deg": 105.66028648897388,
      "p10_deg": 91.17189755863566,
      "p50_deg": 91.34415640823507,
      "p90_deg": 134.46480550005091,
      "std_deg": 31.620409038296703
    }
  },
  "angles_all_deg": [
    87.50826852941042,
    90.03274859170371,
    88.66228780508747,
    177.39223975265986,
    88.77678711046244,
    177.53459381690868,
    88.71993541426144,
    89.88705671813142,
    88.58105243233486,
    91.40167874297674,
    92.57230185959328,
    91.18988138348666,
    91.15391373378466,
    176.35730914050856,
    91.28663407349339
  ],
  "points_xyz": [
    [
      -0.7453369079884135,
      0.13180164295303406,
      0.6535298160796892
    ],
    [
      0.19551378309108003,
      0.9763191954216384,
      0.0926023178579172
    ],
    [
      -0.22576087125233876,
      -0.9721897743218836,
      -0.062282194207893875
    ],
    [
      -0.6386580957891378,
      0.22069519701477605,
      -0.7371631208203526
    ],
    [
      0.753545441730129,
      -0.08707945502288966,
      -0.6516029740268695
    ],
    [
      0.6156513374639585,
      -0.17088815970155014,
      0.7692663177032102
    ]
  ]
}