{
  "tag": "MAP_N6_NB2_NL4_a2_s1",
  "N": 6,
  "types": [
    "B",
    "B",
    "L",
    "L",
    "L",
    "L"
  ],
  "alpha": 2.0,
  "energy": 36.31092157610669,
  "diag": {
    "restarts": 200,
    "iters": 8000,
    "seed": 1,
    "energy_best": 36.31092157610669,
    "energy_median": 36.311371717110454,
    "energy_min": 36.31092157610669,
    "energy_max": 491.75202351621806
  },
  "angles_stats_all": {
    "count": 15,
    "min_deg": 80.82078833358251,
    "max_deg": 170.70592158047774,
    "mean_deg": 105.25458522055868,
    "p10_deg": 83.08781339034677,
    "p50_deg": 95.69785517767063,
    "p90_deg": 167.01549144352256,
    "std_deg": 31.795648191278147
  },
  "angles_stats_by_type": {
    "BB": {
      "count": 1,
      "min_deg": 80.82078833358251,
      "max_deg": 80.82078833358251,
      "mean_deg": 80.82078833358251,
      "p10_deg": 80.82078833358251,
      "p50_deg": 80.82078833358251,
      "p90_deg": 80.82078833358251,
      "std_deg": 0.0
    },
    "BL": {
      "count": 8,
      "min_deg": 83.07070978985979,
      "max_deg": 170.70592158047774,
      "mean_deg": 106.63932858780959,
      "p10_deg": 83.100641090712,
      "p50_deg": 86.39956185831298,
      "p90_deg": 170.4925177245195,
      "std_deg": 36.99920449681676
    },
    "LL": {
      "count": 6,
      "min_deg": 95.69785517767063,
      "max_deg": 161.93714021514322,
      "mean_deg": 107.48056021205348,
      "p10_deg": 95.75406218122049,
      "p50_deg": 95.86249524436418,
      "p90_deg": 130.82512321057573,
      "std_deg": 24.39548885736556
    }
  },
  "angles_all_deg": [
    80.82078833358251,
    83.11346879107724,
    170.4010589291088,
    89.88519434475282,
    83.21829225246736,
    83.07070978985979,
    89.58083146415859,
    170.70592158047774,
    83.13915155057441,
    95.69785517767063,
    95.85493235842519,
    161.93714021514322,
    99.71310620600823,
    95.81026918477036,
    95.87005813030318
  ],
  "points_xyz": [
    [
      0.39011854149874026,
      -0.43491503637175727,
      -0.8115765119301129
    ],
    [
      0.7550289318027051,
      0.6325646232084974,
      -0.17260738572250559
    ],
    [
      0.7075374459618742,
      -0.5245930815376214,
      0.47349008581448715
    ],
    [
      -0.2665568816958964,
      0.5463819035851206,
      0.7939862997906574
    ],
    [
      -0.7006476125318256,
      -0.712245384972965,
      0.0424197434948132
    ],
    [
      -0.471182504470665,
      0.566854761477164,
      -0.6757682493809688
    ]
  ]
}