{
  "tag": "MAP_N6_NB2_NL4_a1p45_s5",
  "N": 6,
  "types": [
    "B",
    "B",
    "L",
    "L",
    "L",
    "L"
  ],
  "alpha": 1.45,
  "energy": 22.581602864365927,
  "diag": {
    "restarts": 200,
    "iters": 8000,
    "seed": 5,
    "energy_best": 22.581602864365927,
    "energy_median": 22.58186829664166,
    "energy_min": 22.581602864365927,
    "energy_max": 333.26451422115275
  },
  "angles_stats_all": {
    "count": 15,
    "min_deg": 84.1507853259454,
    "max_deg": 174.2590710114552,
    "mean_deg": 106.48787934403862,
    "p10_deg": 86.32695503873776,
    "p50_deg": 93.10605636014135,
    "p90_deg": 172.5832609221433,
    "std_deg": 33.376264099624095
  },
  "angles_stats_by_type": {
    "BB": {
      "count": 1,
      "min_deg": 84.1507853259454,
      "max_deg": 84.1507853259454,
      "mean_deg": 84.1507853259454,
      "p10_deg": 84.1507853259454,
      "p50_deg": 84.1507853259454,
      "p90_deg": 84.1507853259454,
      "std_deg": 0.0
    },
    "BL": {
      "count": 8,
      "min_deg": 86.31289061272479,
      "max_deg": 174.2590710114552,
      "mean_deg": 109.25748403667113,
      "p10_deg": 86.3375033582475,
      "p50_deg": 88.29760581955622,
      "p90_deg": 174.09828917828142,
      "std_deg": 37.490647427531215
    },
    "LL": {
      "count": 6,
      "min_deg": 93.10605636014135,
      "max_deg": 170.41407828783352,
      "mean_deg": 106.51792209021077,
      "p10_deg": 93.11948898895224,
      "p50_deg": 93.29732358243149,
      "p90_deg": 133.13695369924858,
      "std_deg": 28.591720994703707
    }
  },
  "angles_all_deg": [
    84.1507853259454,
    86.34805167775724,
    86.71660431615632,
    89.87860732295611,
    174.2590710114552,
    86.31289061272479,
    86.40454424952983,
    174.0293826783498,
    90.11072042443978,
    170.41407828783352,
    93.31319849319172,
    93.13292161776315,
    93.28144867167126,
    93.10605636014135,
    95.85982911066364
  ],
  "points_xyz": [
    [
      -0.6491504768488078,
      0.7054913168857471,
      0.2844040439335911
    ],
    [
      -0.08354970045956897,
      0.42997571301411797,
      -0.8989662584163641
    ],
    [
      -0.7999908772223994,
      -0.5423743837160212,
      -0.2566020737437683
    ],
    [
      0.7197852192897198,
      0.6694884813409712,
      0.18356037547305784
    ],
    [
      0.015964814357331845,
      -0.3585735177247676,
      0.9333649645712131
    ],
    [
      0.6419234188025107,
      -0.6677464786102896,
      -0.3768938374349662
    ]
  ]
}