{
  "tag": "MAP_N6_NB2_NL4_a1p5_s3",
  "N": 6,
  "types": [
    "B",
    "B",
    "L",
    "L",
    "L",
    "L"
  ],
  "alpha": 1.5,
  "energy": 23.71097031060769,
  "diag": {
    "restarts": 200,
    "iters": 8000,
    "seed": 3,
    "energy_best": 23.71097031060769,
    "energy_median": 23.711234136044233,
    "energy_min": 23.71097031060769,
    "energy_max": 282.67174451982993
  },
  "angles_stats_all": {
    "count": 15,
    "min_deg": 83.97187501118289,
    "max_deg": 174.10867394051093,
    "mean_deg": 106.38411655406671,
    "p10_deg": 85.97953469173233,
    "p50_deg": 93.29322246316445,
    "p90_deg": 172.02025581937485,
    "std_deg": 33.22729237519842
  },
  "angles_stats_by_type": {
    "BB": {
      "count": 1,
      "min_deg": 83.97187501118289,
      "max_deg": 83.97187501118289,
      "mean_deg": 83.97187501118289,
      "p10_deg": 83.97187501118289,
      "p50_deg": 83.97187501118289,
      "p90_deg": 83.97187501118289,
      "std_deg": 0.0
    },
    "BL": {
      "count": 8,
      "min_deg": 85.87354202471822,
      "max_deg": 174.10867394051093,
      "mean_deg": 109.01217428326721,
      "p10_deg": 86.05902919199292,
      "p50_deg": 87.97958051858981,
      "p90_deg": 173.7866826778101,
      "std_deg": 37.48292444723745
    },
    "LL": {
      "count": 6,
      "min_deg": 93.29322246316445,
      "max_deg": 169.5776099148868,
      "mean_deg": 106.61541317228004,
      "p10_deg": 93.35146320827738,
      "p50_deg": 93.59917135248523,
      "p90_deg": 132.89560495607753,
      "std_deg": 28.175504487382486
    }
  },
  "angles_all_deg": [
    83.97187501118289,
    86.23182122621638,
    174.10867394051093,
    86.28154994386247,
    89.67761109331714,
    85.87354202471822,
    90.1369859228922,
    86.1385236922535,
    173.64868642236686,
    93.40970395339029,
    169.5776099148868,
    93.62882975623799,
    93.29322246316445,
    96.21359999726823,
    93.56951294873248
  ],
  "points_xyz": [
    [
      0.383735387789768,
      0.20707815117170142,
      -0.8999254366141377
    ],
    [
      -0.07668135820663595,
      -0.9286015459043647,
      -0.36306905437892883
    ],
    [
      -0.8944502837463874,
      0.15967918612315765,
      -0.41768558441135284
    ],
    [
      -0.39303029199889655,
      -0.3042412208464438,
      0.867735252890608
    ],
    [
      0.9300166652296851,
      -0.25339792069575184,
      0.2661925922750772
    ],
    [
      0.11817360307974348,
      0.9571500926037297,
      0.26438362234416696
    ]
  ]
}