{
  "tag": "MAP_N6_NB2_NL4_a2p1_s4",
  "N": 6,
  "types": [
    "B",
    "B",
    "L",
    "L",
    "L",
    "L"
  ],
  "alpha": 2.1,
  "energy": 39.11424173192523,
  "diag": {
    "restarts": 200,
    "iters": 8000,
    "seed": 4,
    "energy_best": 39.11424173192523,
    "energy_median": 39.11475984440564,
    "energy_min": 39.11424173192523,
    "energy_max": 748.0593716618351
  },
  "angles_stats_all": {
    "count": 15,
    "min_deg": 80.1716887464642,
    "max_deg": 170.01255919296824,
    "mean_deg": 105.03658399311384,
    "p10_deg": 82.45393666555685,
    "p50_deg": 96.11140408675935,
    "p90_deg": 166.12279163532776,
    "std_deg": 31.55959320797713
  },
  "angles_stats_by_type": {
    "BB": {
      "count": 1,
      "min_deg": 80.1716887464642,
      "max_deg": 80.1716887464642,
      "mean_deg": 80.1716887464642,
      "p10_deg": 80.1716887464642,
      "p50_deg": 80.1716887464642,
      "p90_deg": 80.1716887464642,
      "std_deg": 0.0
    },
    "BL": {
      "count": 8,
      "min_deg": 82.36869216325483,
      "max_deg": 170.01255919296824,
      "mean_deg": 106.20739865501014,
      "p10_deg": 82.51787004228338,
      "p50_deg": 86.19243528416919,
      "p90_deg": 169.89183292978993,
      "std_deg": 36.90499320998682
    },
    "LL": {
      "count": 6,
      "min_deg": 96.11140408675935,
      "max_deg": 160.54683943424916,
      "mean_deg": 107.61964698502702,
      "p10_deg": 96.14533954846587,
      "p50_deg": 96.28229977069628,
      "p90_deg": 130.43130163591889,
      "std_deg": 23.717180493028877
    }
  },
  "angles_all_deg": [
    80.1716887464642,
    82.62945352161769,
    89.67127545862331,
    82.58180341900989,
    170.01255919296824,
    82.36869216325483,
    169.8400931027135,
    82.71359510971509,
    89.8417172721785,
    96.1792750101724,
    160.54683943424916,
    96.26175226633279,
    96.30284727505979,
    100.3157638375886,
    96.11140408675935
  ],
  "points_xyz": [
    [
      0.166231203465016,
      -0.523835574131637,
      0.8354420855264298
    ],
    [
      -0.9304340892670632,
      -0.040194317934957355,
      0.36424829764257544
    ],
    [
      0.06902906169362935,
      0.7763003833918231,
      0.6265721852966389
    ],
    [
      0.9746953643571873,
      -0.049358203343296776,
      -0.21801998638503714
    ],
    [
      -0.23934719430752394,
      -0.9006922178524537,
      -0.36258302397815684
    ],
    [
      -0.33282680857109803,
      0.5226208282087439,
      -0.7849164193841178
    ]
  ]
}