{
  "tag": "MAP_N6_NB2_NL4_a2p05_s3",
  "N": 6,
  "types": [
    "B",
    "B",
    "L",
    "L",
    "L",
    "L"
  ],
  "alpha": 2.05,
  "energy": 37.700890112927326,
  "diag": {
    "restarts": 200,
    "iters": 8000,
    "seed": 3,
    "energy_best": 37.700890112927326,
    "energy_median": 37.701338613441564,
    "energy_min": 37.700890112927326,
    "energy_max": 543.8115231140823
  },
  "angles_stats_all": {
    "count": 15,
    "min_deg": 80.43240435576189,
    "max_deg": 170.14154902762996,
    "mean_deg": 105.12326630133971,
    "p10_deg": 82.7290843312862,
    "p50_deg": 95.91008181900264,
    "p90_deg": 166.5471496663258,
    "std_deg": 31.648630102913746
  },
  "angles_stats_by_type": {
    "BB": {
      "count": 1,
      "min_deg": 80.43240435576189,
      "max_deg": 80.43240435576189,
      "mean_deg": 80.43240435576189,
      "p10_deg": 80.43240435576189,
      "p50_deg": 80.43240435576189,
      "p90_deg": 80.43240435576189,
      "std_deg": 0.0
    },
    "BL": {
      "count": 8,
      "min_deg": 82.70326771313582,
      "max_deg": 170.14154902762996,
      "mean_deg": 106.37301541802648,
      "p10_deg": 82.74844679489898,
      "p50_deg": 86.35876206430765,
      "p90_deg": 170.12912499348138,
      "std_deg": 36.91852768736665
    },
    "LL": {
      "count": 6,
      "min_deg": 95.91008181900264,
      "max_deg": 161.18217355468792,
      "mean_deg": 107.57207780335362,
      "p10_deg": 95.96805140458403,
      "p50_deg": 96.07488092124999,
      "p90_deg": 130.6733010842268,
      "std_deg": 24.022911303433442
    }
  },
  "angles_all_deg": [
    80.43240435576189,
    170.12380040741772,
    89.70921894800033,
    83.02350179747695,
    82.70326771313582,
    89.69402233113836,
    170.14154902762996,
    82.82095386090099,
    82.76780925851178,
    100.16442861376571,
    96.04917675376575,
    95.91008181900264,
    96.0260209901654,
    96.10058508873423,
    161.18217355468792
  ],
  "points_xyz": [
    [
      -0.44103985306945054,
      0.6037301699246883,
      0.6640735877349621
    ],
    [
      0.6185789148287905,
      0.7840222766437567,
      -0.05166426091193697
    ],
    [
      0.5525827383723703,
      -0.4743263380861223,
      -0.6853224367045793
    ],
    [
      -0.7034979935820265,
      -0.690510514282118,
      0.1681838360006928
    ],
    [
      0.5732755576546662,
      -0.24130878960728572,
      0.783023117828585
    ],
    [
      -0.5333576249296985,
      0.5383863501370729,
      -0.6524337375668368
    ]
  ]
}