{
  "tag": "MAP_N6_NB2_NL4_a2_s2",
  "N": 6,
  "types": [
    "B",
    "B",
    "L",
    "L",
    "L",
    "L"
  ],
  "alpha": 2.0,
  "energy": 36.31091673897305,
  "diag": {
    "restarts": 200,
    "iters": 8000,
    "seed": 2,
    "energy_best": 36.31091673897305,
    "energy_median": 36.3113562992334,
    "energy_min": 36.31091673897305,
    "energy_max": 800.8244327473734
  },
  "angles_stats_all": {
    "count": 15,
    "min_deg": 80.91742474300955,
    "max_deg": 170.71969444872678,
    "mean_deg": 105.26589143931048,
    "p10_deg": 83.02330961647125,
    "p50_deg": 95.75933179287112,
    "p90_deg": 167.0968274360832,
    "std_deg": 31.811952469365966
  },
  "angles_stats_by_type": {
    "BB": {
      "count": 1,
      "min_deg": 80.91742474300955,
      "max_deg": 80.91742474300955,
      "mean_deg": 80.91742474300955,
      "p10_deg": 80.91742474300955,
      "p50_deg": 80.91742474300955,
      "p90_deg": 80.91742474300955,
      "std_deg": 0.0
    },
    "BL": {
      "count": 8,
      "min_deg": 83.00875282457743,
      "max_deg": 170.71969444872678,
      "mean_deg": 106.65449236884123,
      "p10_deg": 83.03422721039163,
      "p50_deg": 86.48971706027758,
      "p90_deg": 170.60716398427564,
      "std_deg": 37.039801122100954
    },
    "LL": {
      "count": 6,
      "min_deg": 95.75933179287112,
      "max_deg": 161.90366362665597,
      "mean_deg": 107.47250131598632,
      "p10_deg": 95.78016427540052,
      "p50_deg": 95.86718189538419,
      "p90_deg": 130.7701577771742,
      "std_deg": 24.382170971496702
    }
  },
  "angles_all_deg": [
    80.91742474300955,
    83.11968439147883,
    83.045144804312,
    170.55893664236802,
    89.80429171871161,
    83.00875282457743,
    83.33759429261009,
    89.64183982794508,
    170.71969444872678,
    161.90366362665597,
    95.880690020971,
    95.75933179287112,
    95.8536737697974,
    95.80099675792991,
    99.63665192769245
  ],
  "points_xyz": [
    [
      0.3593346599328819,
      -0.9331372512808979,
      -0.011553027432262653
    ],
    [
      0.2316287002678807,
      -0.09196294658676503,
      0.9684477072445842
    ],
    [
      -0.8431434298248529,
      -0.45657519484971887,
      0.28398635212123235
    ],
    [
      0.9659407574290592,
      0.24329419385224427,
      -0.08812711486916007
    ],
    [
      -0.32415054519071473,
      0.9301799872200834,
      0.17231255156780673
    ],
    [
      -0.17900688950453733,
      -0.06043502261376624,
      -0.981989888721663
    ]
  ]
}