{
  "tag": "MAP_N6_NB2_NL4_a2p05_s4",
  "N": 6,
  "types": [
    "B",
    "B",
    "L",
    "L",
    "L",
    "L"
  ],
  "alpha": 2.05,
  "energy": 37.700898631629855,
  "diag": {
    "restarts": 200,
    "iters": 8000,
    "seed": 4,
    "energy_best": 37.700898631629855,
    "energy_median": 37.701302076759305,
    "energy_min": 37.700898631629855,
    "energy_max": 896.6512621786762
  },
  "angles_stats_all": {
    "count": 15,
    "min_deg": 80.35717034913488,
    "max_deg": 170.2168676428732,
    "mean_deg": 105.12988771402605,
    "p10_deg": 82.73836078290577,
    "p50_deg": 95.87312287095018,
    "p90_deg": 166.5528602644992,
    "std_deg": 31.658423568492047
  },
  "angles_stats_by_type": {
    "BB": {
      "count": 1,
      "min_deg": 80.35717034913488,
      "max_deg": 80.35717034913488,
      "mean_deg": 80.35717034913488,
      "p10_deg": 80.35717034913488,
      "p50_deg": 80.35717034913488,
      "p90_deg": 80.35717034913488,
      "std_deg": 0.0
    },
    "BL": {
      "count": 8,
      "min_deg": 82.7264918998896,
      "max_deg": 170.2168676428732,
      "mean_deg": 106.41018711944689,
      "p10_deg": 82.74726244516789,
      "p50_deg": 86.35488190488972,
      "p90_deg": 170.1689991681703,
      "std_deg": 36.930155584431354
    },
    "LL": {
      "count": 6,
      "min_deg": 95.87312287095018,
      "max_deg": 161.159424499873,
      "mean_deg": 107.55160806761349,
      "p10_deg": 95.87659361736402,
      "p50_deg": 96.20289540432105,
      "p90_deg": 130.5753351811554,
      "std_deg": 24.017897409020883
    }
  },
  "angles_all_deg": [
    80.35717034913488,
    82.91833000862536,
    82.7264918998896,
    89.86021864683856,
    170.14848410758333,
    82.75616410743002,
    82.86350674118088,
    170.2168676428732,
    89.79143380115408,
    161.159424499873,
    96.22301064793423,
    95.87312287095018,
    95.88006436377786,
    96.18278016070786,
    99.99124586243778
  ],
  "points_xyz": [
    [
      0.8629853984354382,
      -0.34179904402501876,
      0.3720613062262875
    ],
    [
      -0.03418760138128189,
      -0.9414624943485765,
      -0.335379754378154
    ],
    [
      0.552255165999936,
      0.13884794821507707,
      -0.8220313126048462
    ],
    [
      -0.37486692480973444,
      -0.4138660315798261,
      0.8295719960244916
    ],
    [
      0.18257362517973325,
      0.8955461111419069,
      0.40578816420311953
    ],
    [
      -0.8808780138746991,
      0.18354802157023536,
      -0.4363072867255573
    ]
  ]
}