{
  "tag": "MAP_N6_NB2_NL4_a1p55_s4",
  "N": 6,
  "types": [
    "B",
    "B",
    "L",
    "L",
    "L",
    "L"
  ],
  "alpha": 1.55,
  "energy": 24.864133203550093,
  "diag": {
    "restarts": 200,
    "iters": 8000,
    "seed": 4,
    "energy_best": 24.864133203550093,
    "energy_median": 24.864417050181864,
    "energy_min": 24.864133203550093,
    "energy_max": 406.5151302914264
  },
  "angles_stats_all": {
    "count": 15,
    "min_deg": 83.18042787719149,
    "max_deg": 173.42420976282762,
    "mean_deg": 106.22485738823283,
    "p10_deg": 85.69090519939118,
    "p50_deg": 93.54873633507812,
    "p90_deg": 171.31591220027443,
    "std_deg": 32.993252485781504
  },
  "angles_stats_by_type": {
    "BB": {
      "count": 1,
      "min_deg": 83.18042787719149,
      "max_deg": 83.18042787719149,
      "mean_deg": 83.18042787719149,
      "p10_deg": 83.18042787719149,
      "p50_deg": 83.18042787719149,
      "p90_deg": 83.18042787719149,
      "std_deg": 0.0
    },
    "BL": {
      "count": 8,
      "min_deg": 85.58240801986418,
      "max_deg": 173.42420976282762,
      "mean_deg": 108.71934757604285,
      "p10_deg": 85.77227808403644,
      "p50_deg": 87.89837563048698,
      "p90_deg": 173.08838587875087,
      "std_deg": 37.25822484907593
    },
    "LL": {
      "count": 6,
      "min_deg": 93.54873633507812,
      "max_deg": 168.87308846518056,
      "mean_deg": 106.73960872299305,
      "p10_deg": 93.59595199949149,
      "p50_deg": 93.7826084095594,
      "p90_deg": 132.84026575992826,
      "std_deg": 27.81037785053657
    }
  },
  "angles_all_deg": [
    83.18042787719149,
    85.85365096868169,
    89.76702119911874,
    173.42420976282762,
    86.02973006185522,
    85.90769927520208,
    172.9444613570037,
    90.24559996378962,
    85.58240801986418,
    93.81327099997526,
    93.54873633507812,
    168.87308846518056,
    96.80744305467596,
    93.75194581914356,
    93.64316766390486
  ],
  "points_xyz": [
    [
      0.02730551397901453,
      0.9762517614708062,
      -0.21491139367537038
    ],
    [
      -0.5152353266537798,
      -0.05227613176014437,
      -0.8554529585057082
    ],
    [
      0.8174219189472745,
      -0.07454260380331966,
      -0.5711959441757066
    ],
    [
      0.5192140044512562,
      0.17385001934528924,
      0.8367753511877207
    ],
    [
      -0.08460102314809233,
      -0.9895881500380039,
      0.11643865417745551
    ],
    [
      -0.8825960738755797,
      0.1902508069803847,
      0.42991720228751584
    ]
  ]
}