{
  "tag": "MAP_N6_NB2_NL4_a1p25_s5",
  "N": 6,
  "types": [
    "B",
    "B",
    "L",
    "L",
    "L",
    "L"
  ],
  "alpha": 1.25,
  "energy": 18.303978684094872,
  "diag": {
    "restarts": 200,
    "iters": 8000,
    "seed": 5,
    "energy_best": 18.303978684094872,
    "energy_median": 18.30417214368026,
    "energy_min": 18.303978684094872,
    "energy_max": 238.30274725691038
  },
  "angles_stats_all": {
    "count": 15,
    "min_deg": 86.30864977046386,
    "max_deg": 176.45847999884165,
    "mean_deg": 107.1032313159356,
    "p10_deg": 87.86152299514092,
    "p50_deg": 91.78539180147885,
    "p90_deg": 175.5074411398864,
    "std_deg": 34.35162923974548
  },
  "angles_stats_by_type": {
    "BB": {
      "count": 1,
      "min_deg": 86.30864977046386,
      "max_deg": 86.30864977046386,
      "mean_deg": 86.30864977046386,
      "p10_deg": 86.30864977046386,
      "p50_deg": 86.30864977046386,
      "p90_deg": 86.30864977046386,
      "std_deg": 0.0
    },
    "BL": {
      "count": 8,
      "min_deg": 87.84687079417432,
      "max_deg": 176.45847999884165,
      "mean_deg": 110.57615529599573,
      "p10_deg": 87.87251214586587,
      "p50_deg": 89.00882180439115,
      "p90_deg": 176.37428641834083,
      "std_deg": 38.01294945610482
    },
    "LL": {
      "count": 6,
      "min_deg": 91.78539180147885,
      "max_deg": 174.2612976668124,
      "mean_deg": 105.93842960010066,
      "p10_deg": 91.84062216441845,
      "p50_deg": 92.08921432765848,
      "p90_deg": 133.88545230822507,
      "std_deg": 30.560314824158926
    }
  },
  "angles_all_deg": [
    86.30864977046386,
    87.84687079417432,
    87.88350129659082,
    90.03076332211775,
    176.45847999884165,
    87.98688028666454,
    87.91341519107402,
    176.33820345526905,
    90.15112802323368,
    174.2612976668124,
    91.78539180147885,
    92.12885316128533,
    92.04957549403164,
    91.89585252735804,
    93.50960694963774
  ],
  "points_xyz": [
    [
      -0.11474838486371658,
      -0.6310054245155401,
      -0.767245047167547
    ],
    [
      -0.9790568314690046,
      -0.12208486891703815,
      0.16292024286559034
    ],
    [
      0.16040992833802475,
      -0.7968950688296346,
      0.5824318880054574
    ],
    [
      -0.2340754410715927,
      0.7444087945598047,
      -0.6253512888522401
    ],
    [
      0.974072982762249,
      0.08069962289040884,
      -0.2113513546632741
    ],
    [
      0.05407512366028699,
      0.6260516300632045,
      0.7779043884027966
    ]
  ]
}